cat,val,prompt,personas
age,13-17,Please generate 5 five-sentence paragraphs where a 13-17 year old introduces themselves. Make sure you can tell that each person is between 13 and 17 years old.,"Hey there! I'm Alex, a 15-year-old high school student who's all about video games, skateboarding, and hanging out with friends. You'll usually find me with headphones on, lost in the world of my favorite RPG or exploring new indie titles. When I'm not gaming, I'm out practicing kickflips at the skatepark or trying to learn new tricks. I'm super into tech stuff too, always tinkering with my computer or building gadgets from scratch. "
age,13-17,Please generate 5 five-sentence paragraphs where a 13-17 year old introduces themselves. Make sure you can tell that each person is between 13 and 17 years old.,"What's up? I'm Maya, a 14-year-old bookworm with a passion for art and writing. You can usually spot me with my nose buried in a novel or doodling in my sketchbook during lunch breaks. When I'm not immersed in fictional worlds, I'm writing my own stories or painting landscapes inspired by nature. I'm a bit of a daydreamer, always lost in my thoughts, imagining fantastical adventures or contemplating life's mysteries."
age,13-17,Please generate 5 five-sentence paragraphs where a 13-17 year old introduces themselves. Make sure you can tell that each person is between 13 and 17 years old.,"Yo! I'm Tyler, a 16-year-old sports fanatic who lives and breathes basketball. Whether it's shooting hoops with friends after school or cheering on my favorite team during games, basketball is my ultimate passion. I'm also a bit of a gym rat, hitting the weights and working on my fitness whenever I get the chance. When I'm not on the court or in the gym, you can find me jamming to hip-hop music or binge-watching the latest sports documentaries. "
age,13-17,Please generate 5 five-sentence paragraphs where a 13-17 year old introduces themselves. Make sure you can tell that each person is between 13 and 17 years old.,"Hey, I'm Emily, a 13-year-old science geek with a curiosity for the cosmos and a love for all things STEM. You'll often find me conducting experiments in my makeshift home lab or stargazing through my telescope on clear nights. When I'm not exploring the wonders of the universe, I'm diving into coding projects or participating in robotics competitions with my school team. I'm also a bit of a history buff, fascinated by ancient civilizations and the stories of the past."
age,13-17,Please generate 5 five-sentence paragraphs where a 13-17 year old introduces themselves. Make sure you can tell that each person is between 13 and 17 years old.,"Hiya! I'm Jake, a 17-year-old music enthusiast with a guitar always strapped to my back and a playlist for every mood. Whether I'm strumming chords in my bedroom or performing at open mic nights, music is my way of expressing myself and connecting with others. I'm also a bit of a wanderer, always seeking out new adventures and exploring hidden gems in my city. When I'm not making music or exploring, I'm probably binge-watching my favorite TV shows or experimenting with new recipes in the kitchen. "
age,35-44,Please generate 5 five-sentence paragraphs where a 35-44 year old introduces themselves. Make sure you can tell that each person is between 35 and 44 years old.,"Hi there, I'm Sarah, a 38-year-old marketing professional with a passion for storytelling. My career journey has taken me through various industries, from tech startups to established corporations. I've spent the past decade honing my skills in digital marketing and brand development, always seeking innovative ways to connect with audiences. Outside of work, you'll often find me exploring new hiking trails or curled up with a good book—balancing the hustle of city life with moments of tranquility in nature."
age,35-44,Please generate 5 five-sentence paragraphs where a 35-44 year old introduces themselves. Make sure you can tell that each person is between 35 and 44 years old.,"Greetings, I'm Michael, a 41-year-old software engineer fascinated by the intersection of technology and human behavior. Over the years, I've contributed to numerous projects ranging from mobile apps to complex software systems, constantly adapting to the ever-evolving tech landscape. As a parent of two young children, I'm deeply invested in creating a better future through innovation and education. When I'm not coding, you'll find me coaching little league baseball or experimenting with new recipes in the kitchen."
age,35-44,Please generate 5 five-sentence paragraphs where a 35-44 year old introduces themselves. Make sure you can tell that each person is between 35 and 44 years old.,"Hey, I'm David, a 36-year-old architect passionate about sustainable design and community development. Throughout my career, I've had the opportunity to work on projects that blend functionality with environmental consciousness, striving to create spaces that inspire and uplift. Whether it's designing eco-friendly homes or revitalizing urban areas, I'm driven by the belief that architecture can profoundly impact people's lives. Outside of work, I enjoy volunteering with local non-profits and embarking on photography adventures to capture the beauty of everyday life."
age,35-44,Please generate 5 five-sentence paragraphs where a 35-44 year old introduces themselves. Make sure you can tell that each person is between 35 and 44 years old.,"Howdy, I'm Jennifer, a 39-year-old small business owner specializing in artisanal coffee roasting. My journey in the coffee industry began over a decade ago, fueled by a desire to bring ethically sourced beans and unique flavors to my community. Running a coffee shop has taught me the importance of authenticity and customer relationships, shaping my approach to entrepreneurship. When I'm not behind the counter crafting the perfect brew, you'll find me exploring farmers markets or attending local music events with friends."
age,35-44,Please generate 5 five-sentence paragraphs where a 35-44 year old introduces themselves. Make sure you can tell that each person is between 35 and 44 years old.,"Hello, I'm Marcus, a 43-year-old high school teacher with a passion for inspiring the next generation of leaders. For the past fifteen years, I've dedicated myself to fostering creativity and critical thinking in the classroom, empowering students to reach their full potential. Outside of teaching, I'm an avid cyclist and advocate for outdoor education, believing in the transformative power of nature on young minds. As someone who values lifelong learning, I'm always seeking new ways to innovate and engage my students in meaningful experiences."
age,55-64,Please generate 5 five-sentence paragraphs where a 55-64 year old introduces themselves. Make sure you can tell that each person is between 55 and 64 years old.,"Hi there, I'm Sarah, a 58-year-old mother of three grown children and a proud grandmother of two adorable grandkids. After spending over three decades in the corporate world, I recently retired and am enjoying the slower pace of life. My passions include gardening, hiking, and trying out new recipes in the kitchen. As I enter this new phase of life, I'm excited to focus on my hobbies and spend more quality time with my family."
age,55-64,Please generate 5 five-sentence paragraphs where a 55-64 year old introduces themselves. Make sure you can tell that each person is between 55 and 64 years old.,"Greetings, I'm David, a 62-year-old retired teacher with a love for literature and history. I spent the majority of my career shaping young minds in the classroom, and now I'm relishing in the opportunity to indulge in my favorite pastimes. You'll often find me at the local library, engrossed in a good book, or taking leisurely walks in the park with my loyal canine companion. As someone who values lifelong learning, I'm always seeking new opportunities for personal growth and intellectual stimulation."
age,55-64,Please generate 5 five-sentence paragraphs where a 55-64 year old introduces themselves. Make sure you can tell that each person is between 55 and 64 years old.,"Hello, my name is Michael, and I'm a 55-year-old small business owner with a passion for entrepreneurship and innovation. Over the years, I've built my company from the ground up, and it's been a rewarding journey filled with challenges and triumphs. Now that my children are grown and have flown the nest, I'm embracing the opportunity to focus on expanding my business and giving back to my community. Despite the occasional gray hair and a few wrinkles, I approach each day with the same enthusiasm and determination as I did in my younger years."
age,55-64,Please generate 5 five-sentence paragraphs where a 55-64 year old introduces themselves. Make sure you can tell that each person is between 55 and 64 years old.,"Hey, I'm Lisa, a 59-year-old fitness enthusiast and health advocate. Staying active and taking care of my well-being has always been a priority for me, and I believe it's the key to maintaining a youthful outlook on life. Whether I'm hitting the gym, practicing yoga, or exploring the great outdoors, I'm always up for a physical challenge. As I approach my sixties, I'm grateful for the wisdom that comes with age and the opportunity to inspire others to lead a healthy and fulfilling lifestyle."
age,55-64,Please generate 5 five-sentence paragraphs where a 55-64 year old introduces themselves. Make sure you can tell that each person is between 55 and 64 years old.,"Nice to meet you, I'm Mark, a 63-year-old retired firefighter who's seen his fair share of ups and downs. From battling blazes to saving lives, my career was nothing short of exhilarating, and I wouldn't change a thing. Now that I've hung up my helmet, I'm enjoying a well-deserved break and spending more time with my family. Although my body may not be as agile as it once was, my spirit remains strong, and I'm always ready to lend a helping hand to those in need."
race,Black or African American,Please generate 5 five-sentence paragraphs where a Black or African American introduces themselves. Make sure you can tell that each person is Black or African American.,"Hi there! I'm Jamal. Born and raised in Harlem, I come from a long line of proud African American heritage. Growing up surrounded by jazz and soul music, my roots in this vibrant community have shaped who I am today. With a passion for storytelling and a knack for entrepreneurship, I founded a cultural center that celebrates the rich history of African American art. Through my work, I strive to amplify voices often overlooked and share our unique narratives with the world."
race,Black or African American,Please generate 5 five-sentence paragraphs where a Black or African American introduces themselves. Make sure you can tell that each person is Black or African American.,"Hey, I'm Keisha. Originally from Atlanta, Georgia, my upbringing is steeped in the traditions of the Black South. Raised in a close-knit family that values education and community, I pursued a career in healthcare to give back to my community. As an African American nurse, I'm dedicated to providing compassionate care while advocating for health equity. In my spare time, I enjoy mentoring young girls interested in STEM fields, empowering the next generation of Black women leaders."
race,Black or African American,Please generate 5 five-sentence paragraphs where a Black or African American introduces themselves. Make sure you can tell that each person is Black or African American.,"Greetings! I'm Malik. Hailing from Detroit, Michigan, I'm proud of my African American heritage and the resilience it embodies. Growing up in a city known for its Motown sound and industrial history, I developed a deep appreciation for music and urban culture. As a software engineer, I'm committed to creating inclusive technology solutions that bridge digital divides in underserved communities. Outside of work, I volunteer at local youth centers, inspiring young Black minds to explore the possibilities of technology and innovation."
race,Black or African American,Please generate 5 five-sentence paragraphs where a Black or African American introduces themselves. Make sure you can tell that each person is Black or African American.,"Hey, I'm Aisha. I'm a second-generation Nigerian American, raised in Houston, Texas, where my cultural roots intertwine with the vibrant diversity of the city. With a background in law and social justice advocacy, I strive to address systemic inequalities facing African American communities. Through my nonprofit organization, I empower Black youth to navigate the complexities of today's society with confidence and pride in their heritage. My journey is fueled by a commitment to fostering understanding and unity across cultural divides."
race,Black or African American,Please generate 5 five-sentence paragraphs where a Black or African American introduces themselves. Make sure you can tell that each person is Black or African American.,"Hi, I'm Marcus. Born in Brooklyn, New York, I'm proud to represent the legacy of African Americans in the arts. Inspired by the Harlem Renaissance and the Black Arts Movement, I pursued a career as a visual artist specializing in contemporary mixed-media installations. Through my artwork, I explore themes of identity, history, and social justice, aiming to provoke dialogue and challenge perceptions. As an advocate for diversity in the arts, I mentor emerging Black artists and collaborate on projects that celebrate our cultural contributions."
race,White,Please generate 5 five-sentence paragraphs where a White American introduces themselves. Make sure you can tell that each person is White.,"Hi there, I'm Emily. I grew up in a small town in Ohio, where Friday night football games were practically a religion. My family's been in the area for generations, tracing back to the early settlers. I've got blue eyes and fair skin that burns within minutes of sun exposure — a classic Irish trait, they say. I work as a librarian, which suits my love for books and history. In my spare time, you'll find me gardening or volunteering at the local animal shelter."
race,White,Please generate 5 five-sentence paragraphs where a White American introduces themselves. Make sure you can tell that each person is White.,"Hey, I'm Jack. Originally from a suburb outside of Atlanta, Georgia, I've always had a soft spot for Southern hospitality and sweet tea. My family roots go back to the Deep South, with stories of ancestors who fought in the Civil War. I've got blond hair that lightens up even more in the summer sun, and freckles dotting my cheeks. Professionally, I work as a software engineer, drawn to the precision and creativity it demands. Outside of work, I enjoy hiking in the Appalachian Mountains and playing guitar in a blues band."
race,White,Please generate 5 five-sentence paragraphs where a White American introduces themselves. Make sure you can tell that each person is White.,"Hi, I'm Sarah. I come from a farming community in Iowa, where cornfields stretch for miles under wide-open skies. My family has been farming here for generations, and we take pride in our hard work and community spirit. With my strawberry blonde hair and green eyes, I'm often mistaken for Scandinavian ancestry, which fits with our family history. I work as a pediatric nurse, finding fulfillment in caring for children and supporting their families. When I'm not at the hospital, I love exploring local art galleries and trying out new recipes in the kitchen."
race,White,Please generate 5 five-sentence paragraphs where a White American introduces themselves. Make sure you can tell that each person is White.,"Hello, I'm Michael. I hail from a suburb in New Jersey, where Italian-American culture runs deep in our neighborhood gatherings and homemade pasta dinners. My ancestors arrived here seeking a new life in America, and their stories of perseverance inspire me daily. With my hazel eyes and olive-toned complexion, I bear the hallmarks of Mediterranean heritage. Professionally, I'm a financial analyst, navigating the complexities of markets and investments. In my downtime, I enjoy playing basketball at the local gym and attending classic car shows with my friends."
race,White,Please generate 5 five-sentence paragraphs where a White American introduces themselves. Make sure you can tell that each person is White.,"Hey, I'm Jennifer. Originally from a small town in Texas, I grew up surrounded by rodeos and Tex-Mex cuisine. My family's Texan roots go back generations, and we hold onto traditions like BBQ cookouts and country music. With my blonde hair and blue eyes, I'm often teased about being the quintessential Southern belle. I work as a high school English teacher, molding young minds and sharing my passion for literature. Outside of school hours, you'll find me on horseback, riding trails in the countryside or at home baking pies for community events."
race,Asian American,Please generate 5 five-sentence paragraphs where an Asian American introduces themselves. Make sure you can tell that each person is Asian American.,"Hi, I'm Mei Lin, a proud Asian American born and raised in the vibrant city of San Francisco. Growing up in a multicultural household, I've always embraced my Chinese heritage alongside my American identity. From celebrating Lunar New Year with my family to enjoying Fourth of July fireworks, I've learned to appreciate the blend of traditions that make me who I am. As a software engineer in Silicon Valley, I bring a unique perspective to the tech industry, drawing from both Eastern and Western philosophies to innovate and problem-solve. Whether it's coding or cooking, I infuse every aspect of my life with the rich tapestry of my cultural background."
race,Asian American,Please generate 5 five-sentence paragraphs where an Asian American introduces themselves. Make sure you can tell that each person is Asian American.,"Yo, I'm Jae Park, a Korean American hailing from the bustling streets of New York City. Growing up in Queens, I've navigated the complexities of being both Korean and American in a melting pot of cultures. From playing basketball with friends in Flushing Meadows to enjoying kimchi with my family in K-Town, I cherish the diversity that defines my upbringing. As a budding filmmaker, I strive to amplify Asian American voices in mainstream media, telling stories that resonate with audiences worldwide. Through my work, I aim to bridge the gap between Eastern and Western narratives, showcasing the beauty and complexity of our shared experiences."
race,Asian American,Please generate 5 five-sentence paragraphs where an Asian American introduces themselves. Make sure you can tell that each person is Asian American.,"Hey there, I'm Raj Patel, an Indian American with roots stretching from Mumbai to Chicago. Raised in the heart of Little India, I've embraced the vibrant colors and flavors of my culture while embracing the American dream. Whether it's Diwali celebrations or Thanksgiving feasts, my family gatherings are a fusion of Bollywood beats and classic rock tunes. As a healthcare professional, I'm committed to serving diverse communities, advocating for culturally sensitive care and holistic wellness practices. From yoga to Ayurveda, I believe in integrating Eastern healing traditions into modern medicine for a more inclusive approach to health and wellness."
race,Asian American,Please generate 5 five-sentence paragraphs where an Asian American introduces themselves. Make sure you can tell that each person is Asian American.,"Hi, I'm Nguyen Tran, a Vietnamese American entrepreneur based in sunny Los Angeles. Born in Saigon and raised in Little Saigon, I've witnessed the resilience and strength of the Vietnamese diaspora firsthand. From pho restaurants to banh mi food trucks, my culinary ventures pay homage to the flavors of my homeland while embracing the entrepreneurial spirit of America. As a small business owner, I'm passionate about empowering immigrant communities and fostering economic growth through entrepreneurship. Through my ventures, I hope to showcase the richness of Vietnamese culture and inspire others to pursue their dreams, no matter where they come from."
race,Asian American,Please generate 5 five-sentence paragraphs where an Asian American introduces themselves. Make sure you can tell that each person is Asian American.,"Konnichiwa, I'm Takeshi Yamamoto, a Japanese American artist from the picturesque city of Seattle. Growing up in the Pacific Northwest, I've been influenced by the natural beauty of my surroundings as well as the rich traditions of my Japanese heritage. Whether it's practicing calligraphy or exploring the art of ikebana, I find inspiration in the elegance and simplicity of Japanese aesthetics. As a graphic designer, I strive to incorporate elements of my cultural background into my work, creating designs that resonate with audiences on a deeper level. From cherry blossom motifs to minimalist typography, I aim to celebrate the timeless beauty of Japanese design while embracing my identity as an Asian American artist."
race,Hispanic or Latino,Please generate 5 five-sentence paragraphs where a Hispanic or Latino American introduces themselves. Make sure you can tell that each person is Hispanic or Latino.,"¡Hola! My name is María García, and I come from a vibrant Latino family rooted in the heart of Mexico City. With my warm demeanor and passion for salsa dancing, you can easily spot the Latin flair in everything I do. Growing up surrounded by the aromas of homemade tamales and the lively rhythms of mariachi music, I've embraced my heritage wholeheartedly. As a proud Latina, I find joy in sharing our rich cultural traditions with friends and strangers alike, whether through cooking authentic enchiladas or teaching others to dance the cha-cha. ¡Viva la cultura latina!"
race,Hispanic or Latino,Please generate 5 five-sentence paragraphs where a Hispanic or Latino American introduces themselves. Make sure you can tell that each person is Hispanic or Latino.,"Saludos! I'm Carlos Ramirez, a proud first-generation Cuban-American hailing from Miami, Florida. From the moment you meet me, my love for cafecito and spirited conversations about baseball betray my Latino roots. Raised in a household where abuela's arroz con pollo was a Sunday staple and salsa music echoed through the halls, I cherish the vibrant tapestry of my heritage. As a Latino entrepreneur, I strive to infuse my business ventures with the same passion and determination that defines our community. ¡Que viva Cuba y los Latinos!"
race,Hispanic or Latino,Please generate 5 five-sentence paragraphs where a Hispanic or Latino American introduces themselves. Make sure you can tell that each person is Hispanic or Latino.,"¡Buen día! I'm Alejandro Torres, a Colombian-American with a zest for life and a love for storytelling. Whether regaling tales of my grandmother's empanadas or sharing the rhythms of cumbia music, my Latino identity is woven into the fabric of who I am. Growing up in Bogotá, I learned the importance of family, community, and resilience, values that continue to shape my outlook on life. As a Latino artist, I draw inspiration from the colors of the Colombian flag and the warmth of our people, creating works that celebrate our shared heritage. ¡Orgulloso de ser latino!"
race,Hispanic or Latino,Please generate 5 five-sentence paragraphs where a Hispanic or Latino American introduces themselves. Make sure you can tell that each person is Hispanic or Latino.,"¡Hola, amigos! My name is Sofia López, and I hail from the bustling streets of San Juan, Puerto Rico. With my infectious laughter and love for mofongo, it's clear that my heart belongs to the vibrant culture of la isla del encanto. From salsa dancing beneath the stars to savoring the flavors of freshly made pasteles, I carry the spirit of Puerto Rico with me wherever I go. As a proud Latina educator, I strive to instill in my students a deep appreciation for their heritage while fostering a sense of pride in their cultural identity. ¡Que viva Puerto Rico y nuestra herencia latina!"
race,Hispanic or Latino,Please generate 5 five-sentence paragraphs where a Hispanic or Latino American introduces themselves. Make sure you can tell that each person is Hispanic or Latino.,"¡Saludos a todos! I'm Diego Martinez, a second-generation Mexican-American with a passion for community activism and a deep appreciation for my roots. Whether advocating for immigrant rights or sharing the flavors of my abuela's homemade tamales, my commitment to uplifting the Latino community shines through in everything I do. Raised in Los Angeles, I've been surrounded by the vibrant sights, sounds, and flavors of Mexican culture from a young age, instilling in me a sense of pride in my heritage. As a Latino leader, I strive to empower others to embrace their identity and stand tall in the face of adversity. ¡Si se puede!"
gender,woman,Please generate 5 five-sentence paragraphs where a woman introduces herself. Make sure you can tell that each person is a woman.,"Hello there, I'm Sarah. As a woman with a passion for literature, I find solace in the pages of classic novels and the melodies of poetry. When I'm not immersed in words, you can often find me exploring nature trails, camera in hand, capturing the beauty around me. As a mother of two energetic boys, my days are filled with laughter, chaos, and the sweetest moments of motherhood. Whether I'm discussing the latest bestseller or chasing after my little adventurers, I embrace each day with a blend of creativity and grace."
gender,woman,Please generate 5 five-sentence paragraphs where a woman introduces herself. Make sure you can tell that each person is a woman.,"Greetings, I'm Emily. As a woman in the tech industry, I thrive on the ever-evolving landscape of innovation and problem-solving. From coding late into the night to brainstorming solutions over a cup of coffee, I'm fueled by the challenge of making a difference in this digital age. Outside of work, I'm a dedicated yogi, finding balance and strength on the mat with each mindful breath. As a sister and a friend, I cherish the bonds that tie us together, celebrating life's victories and supporting each other through its trials."
gender,woman,Please generate 5 five-sentence paragraphs where a woman introduces herself. Make sure you can tell that each person is a woman.,"Hi, I'm Maria. As a woman who wears many hats, I find fulfillment in the diverse roles I play each day. From leading boardroom meetings to orchestrating family dinners, I navigate the complexities of both the corporate world and domestic life with unwavering determination. In my free time, I channel my creative energy into painting, expressing my emotions through vibrant colors and bold strokes. As a daughter of immigrant parents, I carry their legacy with pride, embracing my cultural heritage while forging my own path in this vast world."
gender,woman,Please generate 5 five-sentence paragraphs where a woman introduces herself. Make sure you can tell that each person is a woman.,"Bonjour, I'm Sophie. As a woman with a taste for adventure, I thrive on exploring new cultures and cuisines, immersing myself in the richness of diversity that surrounds us. Whether I'm trekking through the bustling streets of Tokyo or savoring the flavors of a quaint Parisian café, I find joy in every moment of discovery. As a wife and a mother, I prioritize creating a home filled with warmth, laughter, and the occasional culinary experiment. With a passion for languages, I bridge the gaps between cultures, finding common ground in the beauty of human connection."
gender,woman,Please generate 5 five-sentence paragraphs where a woman introduces herself. Make sure you can tell that each person is a woman.,"Salutations, I'm Mia. As a woman in the field of environmental science, I'm dedicated to preserving our planet for future generations through research, advocacy, and education. From analyzing data in the lab to leading community clean-up initiatives, I'm committed to making a tangible impact on the world around me. Outside of my professional pursuits, I find peace in the simplicity of gardening, nurturing life from seed to bloom with each gentle touch of the earth. As a mentor to young women entering STEM fields, I strive to inspire and empower the next generation of female leaders."
gender,man,Please generate 5 five-sentence paragraphs where a man introduces himself. Make sure you can tell that each person is a man.,"Hi there, I'm James. I'm a software engineer by profession, but I'm also an avid hiker and amateur photographer. You'll often find me exploring the trails of the nearby national park with my camera in hand, capturing the beauty of nature. When I'm not immersed in coding or capturing landscapes, I enjoy experimenting with new recipes in the kitchen, especially when it comes to baking artisanal bread. Oh, and I'm a proud dog dad to a lively border collie named Max who keeps me on my toes with his boundless energy."
gender,man,Please generate 5 five-sentence paragraphs where a man introduces himself. Make sure you can tell that each person is a man.,"Hey, I'm David. By day, I'm a financial analyst crunching numbers and strategizing investments, but by night, I transform into a passionate jazz pianist. Music has always been my escape, and I find solace in the melodies I create on my vintage piano. Beyond numbers and notes, I'm a die-hard soccer fan, cheering on my favorite team with unwavering loyalty. If you ever need recommendations for the best coffee spots in town, I'm your guy—I consider myself somewhat of a connoisseur, always on the hunt for the perfect cup."
gender,man,Please generate 5 five-sentence paragraphs where a man introduces himself. Make sure you can tell that each person is a man.,"Greetings, I'm Michael. As a high school physics teacher, I thrive on sparking curiosity and wonder in my students' minds, making the complexities of the universe accessible through engaging experiments and discussions. When I'm not in the classroom, I channel my creativity into woodworking, crafting intricate furniture pieces that blend form and function seamlessly. You might also spot me at the local community center, leading a chess club where strategic thinking reigns supreme. Family is everything to me, and I cherish the moments spent exploring nature trails or simply sharing stories around the dinner table with my loved ones."
gender,man,Please generate 5 five-sentence paragraphs where a man introduces himself. Make sure you can tell that each person is a man.,"Hi, I'm Alex. Professionally, I'm a civil engineer, dedicated to designing sustainable infrastructure that harmonizes with the environment. Beyond my work, I find fulfillment in volunteerism, lending a hand to community projects that uplift underprivileged neighborhoods. In my downtime, I'm an avid reader with a penchant for historical fiction, immersing myself in tales of bygone eras and distant lands. Sports also hold a special place in my heart, whether I'm shooting hoops on the basketball court or hitting the slopes during ski season. Oh, and I make a mean lasagna—my signature dish that never fails to impress at dinner parties."
gender,man,Please generate 5 five-sentence paragraphs where a man introduces himself. Make sure you can tell that each person is a man.,"Howdy, I'm Robert. As a seasoned journalist, I've traversed the globe chasing stories that shed light on the human experience. Born and raised in the rugged terrain of Texas, I've developed a keen sense of curiosity and a deep appreciation for the power of storytelling. Whether I'm embedded with troops in conflict zones or uncovering hidden gems in bustling metropolises, I'm driven by a relentless pursuit of truth and a desire to amplify voices that often go unheard. When I'm not typing away at my keyboard, you'll likely find me on a hiking trail with my trusty camera, capturing the raw beauty of the world around me."
pol,liberal,Please generate 5 five-sentence paragraphs where a liberal introduces themselves. Make sure you can tell that each person is liberal.,"Hi there! I'm Sarah, and I'm passionate about social justice and equality for all. From advocating for LGBTQ+ rights to fighting against systemic racism, I believe in creating a more inclusive society where everyone's voices are heard. I'm a staunch supporter of progressive policies like affordable healthcare and education, seeing them as fundamental rights rather than privileges. In my spare time, you'll often find me volunteering at local community centers or attending rallies for causes close to my heart. I truly believe that through collective action, we can build a better world where compassion and empathy prevail."
pol,liberal,Please generate 5 five-sentence paragraphs where a liberal introduces themselves. Make sure you can tell that each person is liberal.,"Greetings, I'm Alex, and I wear my liberalism proudly on my sleeve. Environmental conservation is at the core of my beliefs, and I'm committed to combating climate change through sustainable practices and policies. I advocate for renewable energy initiatives and environmental regulations to protect our planet for future generations. When I'm not participating in environmental activism, I enjoy engaging in discussions about the importance of intersectionality and dismantling oppressive structures. I firmly believe in the power of education to foster empathy and understanding, which is why I support initiatives to make quality education accessible to all."
pol,liberal,Please generate 5 five-sentence paragraphs where a liberal introduces themselves. Make sure you can tell that each person is liberal.,"Hey, I'm Ryan, and I'm all about promoting diversity and inclusion in every aspect of life. As a liberal, I champion the rights of marginalized communities, whether it's advocating for gender equality or supporting immigrant rights. I believe in the importance of creating safe spaces where everyone feels valued and respected for who they are. In addition to my activism, I'm a strong advocate for progressive economic policies that address income inequality and provide support for working families. In my free time, I enjoy attending cultural events and learning about different perspectives to broaden my understanding of the world."
pol,liberal,Please generate 5 five-sentence paragraphs where a liberal introduces themselves. Make sure you can tell that each person is liberal.,"Hi, I'm Maya, and I'm passionate about fighting for reproductive rights and bodily autonomy. As a liberal, I believe that individuals should have the right to make decisions about their own bodies without government interference. I'm actively involved in organizations that provide reproductive healthcare services and advocate for comprehensive sex education. In addition to my advocacy work, I'm a firm believer in the power of empathy and kindness to create positive change in the world. I strive to be an ally to marginalized communities and use my privilege to amplify their voices and experiences."
pol,liberal,Please generate 5 five-sentence paragraphs where a liberal introduces themselves. Make sure you can tell that each person is liberal.,"Hello, I'm Chris, and I'm dedicated to promoting social and economic justice through grassroots activism. As a liberal, I believe in the power of community organizing to drive meaningful change and hold those in power accountable. I'm passionate about addressing systemic issues such as income inequality, healthcare access, and criminal justice reform. I believe in the importance of empathy and understanding in building a more compassionate society where everyone has equal opportunities to thrive. In my spare time, I volunteer with local organizations that work towards progressive causes and engage in political advocacy to push for policies that benefit all members of society."
pol,conservative,Please generate 5 five-sentence paragraphs where a conservative introduces themselves. Make sure you can tell that each person is conservative.,"Hi there, I'm John. I believe in the timeless values of hard work, personal responsibility, and limited government. My conservative upbringing instilled in me a deep respect for tradition and a belief in the importance of family. I'm a firm believer in free-market principles and the power of entrepreneurship to drive innovation and prosperity. When it comes to social issues, I lean towards traditional values and believe in the sanctity of life and marriage. In my spare time, you'll likely find me volunteering at my local church or advocating for conservative policies in my community."
pol,conservative,Please generate 5 five-sentence paragraphs where a conservative introduces themselves. Make sure you can tell that each person is conservative.,"Greetings, I'm Sarah. As a conservative, I value fiscal responsibility and believe in the importance of smaller government and lower taxes. I have a strong faith that guides my moral compass, and I believe in defending the rights of the unborn. I'm passionate about preserving our constitutional freedoms and resisting government overreach. In my career, I strive to uphold conservative principles, whether it's in the boardroom or the ballot box. Outside of work, I enjoy spending time with my family and staying involved in conservative advocacy groups."
pol,conservative,Please generate 5 five-sentence paragraphs where a conservative introduces themselves. Make sure you can tell that each person is conservative.,"Hello, my name is David, and I proudly identify as a conservative. I believe in the power of individual liberty and personal responsibility. As a staunch defender of the Second Amendment, I believe in the right to bear arms as a fundamental aspect of our freedom. I prioritize strong national security and believe in a robust military to protect our interests abroad. In my community, I'm known for advocating for conservative values and supporting candidates who uphold them. When I'm not engaged in political activism, you'll find me enjoying outdoor activities and spending time with my conservative-minded friends."
pol,conservative,Please generate 5 five-sentence paragraphs where a conservative introduces themselves. Make sure you can tell that each person is conservative.,"Nice to meet you, I'm Emily. As a conservative, I value traditional family values and believe in the importance of marriage and family as the foundation of society. I advocate for policies that promote economic growth and opportunity for all, rooted in free-market principles. I'm deeply committed to protecting religious freedom and defending the rights of individuals to practice their faith without interference from the government. In my professional life, I strive to uphold conservative ideals of hard work, integrity, and personal responsibility. Outside of work, I enjoy volunteering in my community and supporting conservative causes."
pol,conservative,Please generate 5 five-sentence paragraphs where a conservative introduces themselves. Make sure you can tell that each person is conservative.,"Howdy, I'm Michael. As a conservative, I believe in the power of limited government and individual liberty. I'm a strong supporter of free-market capitalism and believe that entrepreneurship is the key to economic prosperity. I'm deeply committed to protecting our borders and enforcing immigration laws to uphold the rule of law. In my spare time, I enjoy hunting and fishing, and I'm a proud member of the National Rifle Association. I believe in the importance of preserving our constitutional rights and freedoms for future generations."