team,prompt,personas
Arizona Cardinals,Please generate 5 five-sentence paragraphs where an Arizona Cardinals fan introduces themselves. Make sure you can tell that each person is an Arizona Cardinals fan.,"Hey, I'm Mike and I'm a die-hard Arizona Cardinals fan through and through. From tailgating before games to celebrating victories, being a part of the Cardinal family is a huge part of my life. My favorite memory is watching the Cardinals make it to the Super Bowl in 2009 - what a ride that was! I proudly wear my Cardinals gear wherever I go, always ready to represent my team. Let's go Cardinals!"
Arizona Cardinals,Please generate 5 five-sentence paragraphs where an Arizona Cardinals fan introduces themselves. Make sure you can tell that each person is an Arizona Cardinals fan.,"Howdy, I'm Jeff and I've been a loyal Arizona Cardinals fan for as long as I can remember. Sundays are sacred in my house - you can find me glued to the TV, cheering on the Cardinals with all my heart. I even have a collection of Cardinals memorabilia that I proudly display in my home. Meeting Larry Fitzgerald in person was a dream come true for me - he's the epitome of a true Cardinal. Rise up, Red Sea!"
Arizona Cardinals,Please generate 5 five-sentence paragraphs where an Arizona Cardinals fan introduces themselves. Make sure you can tell that each person is an Arizona Cardinals fan.,"Hello, my name is Emily and I'm a proud fan of the Arizona Cardinals. Growing up in Arizona, supporting the Cardinals was a no-brainer for me. I love the sense of community that comes with being a part of Cardinal Nation - we're like a big family. My favorite game was when the Cardinals made a dramatic comeback to win in overtime - I'll never forget the excitement and adrenaline of that moment. Win or lose, I'll always bleed red and white for the Cardinals. Let's fly high, Cardinals!"
Arizona Cardinals,Please generate 5 five-sentence paragraphs where an Arizona Cardinals fan introduces themselves. Make sure you can tell that each person is an Arizona Cardinals fan.,"Greetings, I'm Alex and I proudly represent the Arizona Cardinals wherever I go. Whether I'm sporting my favorite Cardinals jersey or hanging up Cardinals flags in my home, my love for the team shines through. I have a special bond with my fellow Cardinals fans - we share the ups and downs of each season together. Attending games at State Farm Stadium is an unforgettable experience that I look forward to every season. Let's go Cardinals - Arizona pride, all day!"
Arizona Cardinals,Please generate 5 five-sentence paragraphs where an Arizona Cardinals fan introduces themselves. Make sure you can tell that each person is an Arizona Cardinals fan.,"Hey, I'm Sarah, and being an Arizona Cardinals fan runs deep in my family. Sundays are all about gathering with friends and family to cheer on our team. From Kurt Warner's MVP seasons to Kyler Murray's electrifying plays, every game day is filled with excitement and anticipation. The Cardinals community is like a second family to me, whether we're tailgating before a game or celebrating a big win together. Here's to more touchdowns, more victories, and always representing the Cardinals with pride!"
Atlanta Falcons,Please generate 5 five-sentence paragraphs where an Atlanta Falcons fan introduces themselves. Make sure you can tell that each person is an Atlanta Falcons fan.,"Hi there, I'm Sarah and I bleed red and black for the Atlanta Falcons! I've been a die-hard fan of the team since I was a kid and have supported them through thick and thin. My favorite player is Matt Ryan, and I never miss a game, whether I'm watching from home or cheering from the stands at Mercedes-Benz Stadium. Rise up, Falcons!"
Atlanta Falcons,Please generate 5 five-sentence paragraphs where an Atlanta Falcons fan introduces themselves. Make sure you can tell that each person is an Atlanta Falcons fan.,"Hey there, I'm Chris and I am a proud fan of the Atlanta Falcons. I've been following the team for as long as I can remember, and my love for them only grows stronger with each season. Julio Jones is my all-time favorite player, and I love nothing more than watching him light up the field. Whether we win or lose, I will always stand by my Falcons!"
Atlanta Falcons,Please generate 5 five-sentence paragraphs where an Atlanta Falcons fan introduces themselves. Make sure you can tell that each person is an Atlanta Falcons fan.,"What's up? My name is Jason and I am a die-hard Atlanta Falcons fan. I've been supporting the team since I was a kid and have been through the highs and lows with them. Devonta Freeman is my favorite player, and I have his jersey proudly hanging in my closet. Nothing gets me more pumped than watching the Falcons dominate on game day!"
Atlanta Falcons,Please generate 5 five-sentence paragraphs where an Atlanta Falcons fan introduces themselves. Make sure you can tell that each person is an Atlanta Falcons fan.,"Hey, I'm Rachel and I am a devoted Atlanta Falcons fan through and through. I've been a fan of the team since I was a little girl and have stuck by them no matter what. Deion Jones is my favorite player, and I love watching him make big plays on the field. I can't wait to see what the Falcons accomplish in the upcoming season – rise up!"
Atlanta Falcons,Please generate 5 five-sentence paragraphs where an Atlanta Falcons fan introduces themselves. Make sure you can tell that each person is an Atlanta Falcons fan.,"Hey there, I'm Mike and I bleed red and black for the Atlanta Falcons. I've been a fan of the team for as long as I can remember and have never wavered in my support. Watching Julio Jones dominate on the field is always a highlight for me, and I can't get enough of the excitement that comes with being a Falcons fan. Win or lose, I will always believe in my team!"
Baltimore Ravens,Please generate 5 five-sentence paragraphs where a Baltimore Ravens fan introduces themselves. Make sure you can tell that each person is a Baltimore Ravens fan.,"Hi there, I'm Sarah and I bleed purple and black for the Baltimore Ravens! Ever since I was a little kid, I've been a die-hard fan of this incredible team. From Ray Lewis to Lamar Jackson, I've loved watching the Ravens dominate on the field. You can always find me rocking my Ravens gear on game day, cheering them on with all my heart. I can't imagine supporting any other team - Go Ravens!"
Baltimore Ravens,Please generate 5 five-sentence paragraphs where a Baltimore Ravens fan introduces themselves. Make sure you can tell that each person is a Baltimore Ravens fan.,"Hey there, I'm Mike and I've been a loyal Baltimore Ravens fan for as long as I can remember. I have so many fond memories of watching the Ravens play with my friends and family. The energy at M&T Bank Stadium is electrifying and there's nothing quite like experiencing a Ravens game in person. One of my prized possessions is an autographed football from my favorite Ravens player of all time, Ed Reed. I proudly display it in my living room as a constant reminder of my love for this team."
Baltimore Ravens,Please generate 5 five-sentence paragraphs where a Baltimore Ravens fan introduces themselves. Make sure you can tell that each person is a Baltimore Ravens fan.,"What's up, I'm Jen and I am a proud member of the Ravens flock! Whether it's rain or shine, win or lose, I will always stand by the Baltimore Ravens. I have a collection of Ravens memorabilia that I've been adding to over the years - jerseys, hats, signed photos, you name it. I even have a personalized Ravens license plate on my car. The Ravens community is like a second family to me, and I wouldn't have it any other way."
Baltimore Ravens,Please generate 5 five-sentence paragraphs where a Baltimore Ravens fan introduces themselves. Make sure you can tell that each person is a Baltimore Ravens fan.,"Hello, I'm Matt and I am obsessed with the Baltimore Ravens. I've been following this team religiously for as long as I can remember, through all the highs and lows. When the Ravens won the Super Bowl in 2013, it was one of the greatest moments of my life. I still get chills thinking about it. I've even traveled to away games to support the Ravens - there's nothing I wouldn't do for this team. Here's to many more years of cheering on the Ravens to victory!"
Baltimore Ravens,Please generate 5 five-sentence paragraphs where a Baltimore Ravens fan introduces themselves. Make sure you can tell that each person is a Baltimore Ravens fan.,"Hey there, my name is Lisa and I am a die-hard Baltimore Ravens fan through and through. I've met some of my closest friends through our shared love of the Ravens, and game days are always a blast with them. I have a special ritual of wearing my lucky Ravens socks every game day - they've never let me down! Even during the offseason, I'm always keeping up with the latest Ravens news and roster updates. Being a Ravens fan is not just a hobby for me, it's a way of life. Let's go Ravens!"
Buffalo Bills,Please generate 5 five-sentence paragraphs where a Buffalo Bills fan introduces themselves. Make sure you can tell that each person is a Buffalo Bills fan.,"Hi there, I'm Sarah and I bleed red, white, and blue for the Buffalo Bills! Ever since I was a little girl, I've been a die-hard fan of the team. I can recite player stats and game highlights like the back of my hand. You can always find me sporting my Bills gear on game days, cheering on my favorite team with unwavering passion. Let's go Bills!"
Buffalo Bills,Please generate 5 five-sentence paragraphs where a Buffalo Bills fan introduces themselves. Make sure you can tell that each person is a Buffalo Bills fan.,"Hey there, I'm Mike and I'm a proud member of Bills Mafia! From tailgating outside the stadium to watching every game with my fellow fans, the Buffalo Bills have always held a special place in my heart. I own a vast collection of Bills memorabilia and my house is decked out in team colors. The Bills are not just a team to me, they're a way of life. Let's go Buffalo!"
Buffalo Bills,Please generate 5 five-sentence paragraphs where a Buffalo Bills fan introduces themselves. Make sure you can tell that each person is a Buffalo Bills fan.,"What's up, my name is Jake and I've been a loyal fan of the Buffalo Bills for as long as I can remember. I have fond memories of watching games with my family and celebrating victories together. The energy and camaraderie of Bills fans is unmatched, and I am proud to be a part of such a passionate fan base. I never miss a game and I always have faith in my team, no matter the circumstances. Go Bills!"
Buffalo Bills,Please generate 5 five-sentence paragraphs where a Buffalo Bills fan introduces themselves. Make sure you can tell that each person is a Buffalo Bills fan.,"Hi, I'm Emily and I've been a devoted Buffalo Bills fan since I was a kid. I have a deep connection to the team and its history, and I love discussing all things Bills-related with fellow fans. One of my favorite traditions is attending games at the stadium and feeling the excitement of the crowd. Whether we win or lose, I will always stand by my team through thick and thin. Let's go Bills!"
Buffalo Bills,Please generate 5 five-sentence paragraphs where a Buffalo Bills fan introduces themselves. Make sure you can tell that each person is a Buffalo Bills fan.,"Hello, my name is Alex and I am a proud supporter of the Buffalo Bills. Being a fan of this team means more to me than just watching games - it's about being part of a community that shares a common love for the team. I have traveled far and wide to catch games and have forged lifelong friendships with other Bills fans along the way. The Buffalo Bills are not just a team to me, they are a symbol of grit, determination, and resilience. Go Bills!"
Carolina Panthers,Please generate 5 five-sentence paragraphs where a Carolina Panthers fan introduces themselves. Make sure you can tell that each person is a Carolina Panthers fan.,"Hi there! I'm Sarah, a proud Carolina Panthers fan through and through. I've been cheering on the team for as long as I can remember, through the highs and lows of each season. You can usually find me decked out in Panthers gear on game days, yelling at the TV in excitement. My favorite player is Christian McCaffrey - that man is a beast on the field! I can't wait to see what the Panthers accomplish this year!"
Carolina Panthers,Please generate 5 five-sentence paragraphs where a Carolina Panthers fan introduces themselves. Make sure you can tell that each person is a Carolina Panthers fan.,"Hey, I'm James and I bleed black and blue for the Carolina Panthers. I've been a diehard fan since the team was founded back in 1995. One of my most prized possessions is my signed Luke Kuechly jersey - he was the heart and soul of our defense. Sundays are sacred in my household, as I never miss a Panthers game. Let's keep pounding, Panthers Nation!"
Carolina Panthers,Please generate 5 five-sentence paragraphs where a Carolina Panthers fan introduces themselves. Make sure you can tell that each person is a Carolina Panthers fan.,"What's up, my name is Emily and I am a Carolina Panthers fanatic. Ever since moving to North Carolina, I've fully embraced the Panthers as my team. Cam Newton will always hold a special place in my heart, but I am excited to see what Sam Darnold can bring to the table this season. I love the sense of community that comes with being a Panthers fan - it's like one big family. Can't wait to see the Panthers roar on the field!"
Carolina Panthers,Please generate 5 five-sentence paragraphs where a Carolina Panthers fan introduces themselves. Make sure you can tell that each person is a Carolina Panthers fan.,"Hi, I'm Mike, and I'm a proud member of Panthers Nation. I've been supporting the Carolina Panthers since the beginning, and I love everything about this team. From Luke Kuechly's incredible tackles to Christian McCaffrey's insane touchdowns, I can't get enough of the action. My room is decked out in Panthers gear, and I even have a personalized jersey hanging on my wall. I'm counting down the days until game day!"
Carolina Panthers,Please generate 5 five-sentence paragraphs where a Carolina Panthers fan introduces themselves. Make sure you can tell that each person is a Carolina Panthers fan.,"Hey, I'm Rachel and I eat, sleep, and breathe Carolina Panthers football. From tailgating before games to celebrating victories with fellow fans, being part of Panthers Nation is truly special. I have a deep love for the team and the city of Charlotte, and nothing beats the thrill of watching the Panthers take down their rivals. I believe in this team wholeheartedly and will always stand by them no matter what. Keep pounding, Panthers!"
Chicago Bears,Please generate 5 five-sentence paragraphs where a Chicago Bears fan introduces themselves. Make sure you can tell that each person is a Chicago Bears fan.,"Greetings! My name is Sarah and I bleed navy blue and orange for the Chicago Bears. Growing up in the Windy City, Sundays were always spent watching the Bears play on TV with my family. I have been a die-hard fan since I can remember, even sporting my Bears gear proudly in enemy territory. Soldier Field is my happy place, and nothing beats the energy of game day in Chicago. Da Bears will always have a special place in my heart."
Chicago Bears,Please generate 5 five-sentence paragraphs where a Chicago Bears fan introduces themselves. Make sure you can tell that each person is a Chicago Bears fan.,"Hey there, I'm Mike and I am a proud supporter of the Chicago Bears. I have been following the team through the highs and lows, always staying loyal to my beloved Bears. My friends know that Sundays are off-limits during football season because that's when my undivided attention is on the game. I have a collection of Bears memorabilia that I proudly display in my man cave, showcasing my dedication to the team. Bear Down, Chicago Bears!"
Chicago Bears,Please generate 5 five-sentence paragraphs where a Chicago Bears fan introduces themselves. Make sure you can tell that each person is a Chicago Bears fan.,"Hi, I'm John and I have been a Chicago Bears fan for as long as I can remember. Growing up, I idolized players like Dick Butkus and Mike Ditka and dreamed of one day seeing the Bears hoist the Lombardi Trophy once again. I have a deep connection to the team and feel a sense of pride wearing my Bears apparel around town. I am optimistic about the future of the team and can't wait to see them bring another championship back to the Windy City. Go Bears!"
Chicago Bears,Please generate 5 five-sentence paragraphs where a Chicago Bears fan introduces themselves. Make sure you can tell that each person is a Chicago Bears fan.,"Hello! I'm Lisa, and I am a proud supporter of the Chicago Bears. I have been a fan since I was a little girl, watching games with my dad and learning about the history of the team. The Bears' tradition of tough defense and hard-nosed football resonates with me, and I love cheering on the team every season. I proudly wear my Bears jersey on game day, getting pumped up for kick-off and rooting for my team until the final whistle blows. Da Bears forever!"
Chicago Bears,Please generate 5 five-sentence paragraphs where a Chicago Bears fan introduces themselves. Make sure you can tell that each person is a Chicago Bears fan.,"Hey, it's Tom here, and I bleed navy blue and orange for the Chicago Bears. I have been a fan since I can remember, attending games at Soldier Field with my family and friends. There's nothing quite like the camaraderie of Bears fans, coming together to support our team through thick and thin. From the Super Bowl Shuffle days to the present, I have been there for every touchdown, every interception, and every nail-biting finish. Bear Down, Chicago Bears - it's more than just a saying, it's a way of life for me."
Cincinnati Bengals,Please generate 5 five-sentence paragraphs where a Cincinnati Bengals fan introduces themselves. Make sure you can tell that each person is a Cincinnati Bengals fan.,"Hi there, I'm Sarah and I bleed orange and black for the Cincinnati Bengals! Ever since I was a kid, I've been cheering for my favorite team through thick and thin. My prized possession is my autographed Joe Burrow jersey that I proudly wear on game days. I know every player on the roster and can recite stats from seasons past like it's nobody's business. When the Bengals win, I celebrate like it's my own personal victory."
Cincinnati Bengals,Please generate 5 five-sentence paragraphs where a Cincinnati Bengals fan introduces themselves. Make sure you can tell that each person is a Cincinnati Bengals fan.,"Hey, I'm Alex, and I've been a Cincinnati Bengals fan for as long as I can remember. The thrill of watching my team take the field and hearing the roar of the crowd gets me pumped up every game day. I proudly display my Bengals pride with flags, jerseys, and memorabilia throughout my home. Meeting fellow Bengals fans and sharing in the excitement of game day is a highlight of my week. I'll always bleed orange and black for my beloved Bengals. Who Dey, baby!"
Cincinnati Bengals,Please generate 5 five-sentence paragraphs where a Cincinnati Bengals fan introduces themselves. Make sure you can tell that each person is a Cincinnati Bengals fan.,"Hey there, I'm Mike and I am proud to call myself a Cincinnati Bengals fan! From the excitement of the draft to the highs and lows of the season, I am fully invested in this team. I even have a lucky Bengals hat that I wear during every game, convinced it brings good luck to my beloved team. Whenever I meet another Bengals fan, we instantly bond over our shared passion for the team. I truly believe that this is our year to make a deep playoff run and show the league what the Bengals are made of."
Cincinnati Bengals,Please generate 5 five-sentence paragraphs where a Cincinnati Bengals fan introduces themselves. Make sure you can tell that each person is a Cincinnati Bengals fan.,"Hi, I'm Taylor and I have been a Cincinnati Bengals fan my whole life! Growing up in Ohio, I was raised to bleed orange and black and to always support our hometown team. I have a collection of Bengals memorabilia that I proudly display in my home, from signed helmets to jerseys to bobbleheads of my favorite players. On game days, you can bet that I am rocking my Bengals gear from head to toe and cheering on the team with all my heart. Being a Bengals fan is more than just a hobby—it's a way of life."
Cincinnati Bengals,Please generate 5 five-sentence paragraphs where a Cincinnati Bengals fan introduces themselves. Make sure you can tell that each person is a Cincinnati Bengals fan.,"Greetings, I'm Chris and I am a die-hard Cincinnati Bengals fan through and through! I have been following the team for as long as I can remember and have witnessed both the highs and lows of Bengals football. My friends all know that Sundays are reserved for Bengals games, and my living room turns into a sea of orange and black when the team is playing. I can't wait to see what the future holds for this talented group of players, and I have high hopes for a Super Bowl championship in the near future. Who Dey!"
Cleveland Browns,Please generate 5 five-sentence paragraphs where a Cleveland Browns fan introduces themselves. Make sure you can tell that each person is a Cleveland Browns fan.,"Hello, I'm Emily and I bleed orange and brown for the Cleveland Browns! I've been a die-hard fan for as long as I can remember, eagerly watching every game and cheering on my favorite players. From the Dawg Pound to the City of Champions, I represent my team with pride and passion. I even have a collection of Browns memorabilia displayed proudly in my home. The feeling of hope and excitement every season is what keeps me coming back for more."
Cleveland Browns,Please generate 5 five-sentence paragraphs where a Cleveland Browns fan introduces themselves. Make sure you can tell that each person is a Cleveland Browns fan.,"Hey there, I'm Jake and I proudly call myself a Cleveland Browns fan through and through. Growing up in the heart of Ohio, Sundays were always reserved for watching my beloved Browns take the field. I've witnessed the highs and lows of the team, but my loyalty has never wavered. Whether it's tailgating before the game or celebrating a big win, being a Browns fan is a way of life for me. I can't imagine supporting any other team - Go Browns!"
Cleveland Browns,Please generate 5 five-sentence paragraphs where a Cleveland Browns fan introduces themselves. Make sure you can tell that each person is a Cleveland Browns fan.,"Greetings, I'm Sarah and I am a passionate Cleveland Browns fan who eats, sleeps, and breathes football. Sundays are sacred in my house as we gather around the TV to watch the Browns take on their opponents. I have a special connection to the team and feel a sense of camaraderie with my fellow fans. The history and tradition of the Browns franchise run deep in my family, making each game day even more meaningful. Win or lose, I will always stand by my Browns."
Cleveland Browns,Please generate 5 five-sentence paragraphs where a Cleveland Browns fan introduces themselves. Make sure you can tell that each person is a Cleveland Browns fan.,"Hi, I'm Brian and I proudly represent the Cleveland Browns in a sea of rival fans. The excitement of game day and the anticipation of what each season may bring fuel my love for this team. I have a wardrobe full of Browns gear that I proudly wear to every game, no matter the outcome. The bond between Browns fans is unlike any other, and I am honored to be a part of such a dedicated and passionate community. Dawg Pound for life!"
Cleveland Browns,Please generate 5 five-sentence paragraphs where a Cleveland Browns fan introduces themselves. Make sure you can tell that each person is a Cleveland Browns fan.,"Nice to meet you, I'm Megan and I am a devoted Cleveland Browns fan who never misses a game. From the iconic Dawg Pound to the illustrious history of the team, I am proud to support the Browns through thick and thin. I have fond memories of watching games with my family and friends, creating traditions that have continued for generations. The resilience and spirit of the Browns organization embody the spirit of Cleveland, and I couldn't be prouder to call myself a fan. Here we go, Brownies, here we go!"
Dallas Cowboys,Please generate 5 five-sentence paragraphs where a Dallas Cowboys fan introduces themselves. Make sure you can tell that each person is a Dallas Cowboys fan.,"Hi there, I'm Sarah and I bleed silver and blue for my beloved Dallas Cowboys! I've been a fan since I was a little girl, watching games with my dad every Sunday. Nothing gets me more pumped up than seeing Dak Prescott lead the team down the field to another victory. When I'm not cheering on my Boys, you can find me rocking my Cowboys gear from head to toe. I can't wait to see them bring home another Super Bowl trophy soon!"
Dallas Cowboys,Please generate 5 five-sentence paragraphs where a Dallas Cowboys fan introduces themselves. Make sure you can tell that each person is a Dallas Cowboys fan.,"Howdy! My name is Jake and I'm a die-hard Dallas Cowboys fan through and through. I've been following the team for as long as I can remember and have a closet full of jerseys to prove it. From the days of Troy Aikman to now with Ezekiel Elliott, I've been through all the ups and downs with this team. The energy at AT&T Stadium on game day is like nothing else, and I love being a part of the Cowboys Nation. Let's go Cowboys, Super Bowl bound!"
Dallas Cowboys,Please generate 5 five-sentence paragraphs where a Dallas Cowboys fan introduces themselves. Make sure you can tell that each person is a Dallas Cowboys fan.,"Hey, I'm Emily and I proudly represent the Dallas Cowboys wherever I go. I've been a fan since I was old enough to understand football and have never looked back. There's something about the blue star on that silver helmet that just speaks to me. The rivalry with the Eagles and the Redskins always gets my heart racing, but nothing beats a win against the Giants. I can't wait for the next season to start so I can cheer on my Boys once again!"
Dallas Cowboys,Please generate 5 five-sentence paragraphs where a Dallas Cowboys fan introduces themselves. Make sure you can tell that each person is a Dallas Cowboys fan.,"Howdy, I'm Tyler and I bleed silver and blue for America's Team, the Dallas Cowboys. From the iconic star on the helmet to the famous cheerleaders, I love everything about this team. I grew up watching games with my grandpa, who passed down his love for the Cowboys to me. Nothing beats the thrill of victory on game day, especially when we come out on top against our rivals. I can't wait to see the Boys bring home another Lombardi Trophy soon – it's long overdue!"
Dallas Cowboys,Please generate 5 five-sentence paragraphs where a Dallas Cowboys fan introduces themselves. Make sure you can tell that each person is a Dallas Cowboys fan.,"Hey there, my name is Justin and I'm a proud member of Cowboys Nation. I've been a fan of the Dallas Cowboys for as long as I can remember, and I've stuck with them through thick and thin. Whether it's watching Tony Romo lead a game-winning drive or seeing Ezekiel Elliott break through the defense for a touchdown, I always have faith in my team. The Cowboys have the best fans in the world, and I love being a part of that passionate community. Here's to another season of gridiron battles and hopefully a Super Bowl win for America's Team!"
Denver Broncos,Please generate 5 five-sentence paragraphs where a Denver Broncos fan introduces themselves. Make sure you can tell that each person is a Denver Broncos fan.,"Hi there, I'm Alex and I bleed orange and blue for the Denver Broncos! Ever since I was a kid, I've been a die-hard fan of this incredible team. My favorite player of all time is John Elway - the ultimate Broncos legend. I never miss a game and always make sure to represent my team by wearing my Broncos gear proudly. Let's go Broncos, Super Bowl bound!"
Denver Broncos,Please generate 5 five-sentence paragraphs where a Denver Broncos fan introduces themselves. Make sure you can tell that each person is a Denver Broncos fan.,"Hey, my name is Sarah and I am a proud Denver Broncos fan through and through. I've been cheering on the Broncos for as long as I can remember, and there's nothing quite like the excitement of game day at Mile High Stadium. My all-time favorite moment as a fan was witnessing the Broncos win Super Bowl 50 - pure magic! I love meeting fellow Broncos fans and sharing in the joy and heartbreak of each season. Go Broncos!"
Denver Broncos,Please generate 5 five-sentence paragraphs where a Denver Broncos fan introduces themselves. Make sure you can tell that each person is a Denver Broncos fan.,"What's up? I'm Chris and being a Denver Broncos fan is a way of life for me. From tailgating before the game to high-fiving strangers in the stands after a touchdown, there's no feeling quite like the camaraderie of being a part of Broncos Country. I proudly display my Broncos flag outside my house and always make sure my man cave is decked out in Broncos memorabilia. Through thick and thin, I'll always support my team. Let's go Broncos!"
Denver Broncos,Please generate 5 five-sentence paragraphs where a Denver Broncos fan introduces themselves. Make sure you can tell that each person is a Denver Broncos fan.,"Hey there, I'm Emily and I've been a Denver Broncos fan since I was a little girl watching games with my dad. Some of my fondest memories are cheering on our team together and celebrating victories with our fellow Broncos fans. My favorite player currently is Von Miller - the heart and soul of our defense. I can't wait to see what this season has in store for us, and I'll be cheering on the Broncos every step of the way. Go Broncos!"
Denver Broncos,Please generate 5 five-sentence paragraphs where a Denver Broncos fan introduces themselves. Make sure you can tell that each person is a Denver Broncos fan.,"Hello! I'm Mike and I live and breathe Denver Broncos football. From the legendary Peyton Manning era to the present day, I've always been there to support my team no matter what. There's something special about the Broncos fan base - we're a tight-knit community that stands by our team through thick and thin. I love watching games at Mile High Stadium and feeling the energy of the crowd as we cheer on our beloved Broncos. Here's to another season of greatness - go Broncos!"
Detroit Lions,Please generate 5 five-sentence paragraphs where a Detroit Lions fan introduces themselves. Make sure you can tell that each person is a Detroit Lions fan.,"Hey there, my name is Sarah and I am a die-hard Detroit Lions fan! I bleed Honolulu blue through and through. Every Sunday, you can find me glued to the TV cheering on my beloved Lions. Despite the ups and downs, I remain loyal to my team. Meeting other Lions fans always brings a smile to my face."
Detroit Lions,Please generate 5 five-sentence paragraphs where a Detroit Lions fan introduces themselves. Make sure you can tell that each person is a Detroit Lions fan.,"What's up, I'm Jake and I proudly represent the Detroit Lions fan base. From Barry Sanders to Megatron, I've seen it all as a loyal supporter. My closet is filled with Lions gear and I never miss an opportunity to show off my team pride. Being a fan of the ""Same Old Lions"" can be tough, but it only makes the victories that much sweeter."
Detroit Lions,Please generate 5 five-sentence paragraphs where a Detroit Lions fan introduces themselves. Make sure you can tell that each person is a Detroit Lions fan.,"What's up, I'm Chris and I'm a lifelong Detroit Lions fan. Growing up in the Motor City, football Sundays were always spent watching the Lions with my family. Despite the years of disappointment, I continue to believe in this team and the city of Detroit. There's nothing like the feeling of celebrating a Lions victory with my fellow fans. Win or lose, I'll always be roaring for the Honolulu Blue and Silver."
Detroit Lions,Please generate 5 five-sentence paragraphs where a Detroit Lions fan introduces themselves. Make sure you can tell that each person is a Detroit Lions fan.,"Greetings, my name is Mike and I am a passionate Detroit Lions fan through and through. The Motor City Kitties have a special place in my heart, and I take pride in representing them wherever I go. Whether it's tailgating with fellow fans or debating the team's draft picks, I am always involved in the Lions community. One day, I believe our team will rise to greatness and bring home that elusive championship."
Detroit Lions,Please generate 5 five-sentence paragraphs where a Detroit Lions fan introduces themselves. Make sure you can tell that each person is a Detroit Lions fan.,"Hey there, I'm Emily and I bleed Honolulu blue for the Detroit Lions! Sundays in the fall are my favorite time of year because I get to watch my team in action. Despite their struggles, I remain optimistic and hopeful for a brighter future. Being a Lions fan is more than just supporting a team – it's a lifestyle filled with passion and dedication. One day, our time will come and I'll be there celebrating with my fellow fans."
Green Bay Packers,Please generate 5 five-sentence paragraphs where a Green Bay Packers fan introduces themselves. Make sure you can tell that each person is a Green Bay Packers fan.,"Hi there, my name is Sarah and I bleed green and gold for the Green Bay Packers! I've been a die-hard fan of the team since I was a little kid, always sporting my Packers gear with pride. I can't wait to cheer on Aaron Rodgers and the rest of the team every Sunday during football season. My favorite memory as a Packers fan was when we won the Super Bowl back in 2011 - what a feeling of pure joy and excitement! I look forward to connecting with other Packers fans and sharing our love for the best team in the NFL."
Green Bay Packers,Please generate 5 five-sentence paragraphs where a Green Bay Packers fan introduces themselves. Make sure you can tell that each person is a Green Bay Packers fan.,"Hey, I'm Mike and I am a huge Green Bay Packers fanatic! I've been following the team for as long as I can remember and have never missed a game. Lambeau Field is like a second home to me, and there's nothing quite like the energy of game day in Green Bay. My favorite player of all time is Brett Favre, but I also have a lot of love for current star Davante Adams. Let's go Packers - here's to another successful season filled with touchdowns and triumphs!"
Green Bay Packers,Please generate 5 five-sentence paragraphs where a Green Bay Packers fan introduces themselves. Make sure you can tell that each person is a Green Bay Packers fan.,"Greeting, my name is Chris and I proudly support the Green Bay Packers with all of my heart. Watching the Packers play always gets me fired up and full of excitement - it's more than just a game to me, it's a way of life. The Green Bay community is like no other, united in our love for the team and our dedication to cheering them on through thick and thin. I can't imagine rooting for any other team - the Packers are in my blood and I'll always be a loyal supporter. Go Pack go!"
Green Bay Packers,Please generate 5 five-sentence paragraphs where a Green Bay Packers fan introduces themselves. Make sure you can tell that each person is a Green Bay Packers fan.,"Hello there, I'm Emily and I am a devoted Green Bay Packers fan through and through. I've traveled to Lambeau Field multiple times to witness the magic of a Packers game in person, and each time has been an unforgettable experience. From the iconic Lambeau Leap to the thrilling victories, being a part of the Packers fan base is like being a part of a family. I never miss an opportunity to sport my green and gold and show my love for the team wherever I go. Here's to another season of greatness for the Packers - I can't wait to see what they accomplish next!"
Green Bay Packers,Please generate 5 five-sentence paragraphs where a Green Bay Packers fan introduces themselves. Make sure you can tell that each person is a Green Bay Packers fan.,"Hey there, my name is Alex and I am absolutely obsessed with the Green Bay Packers. The history and tradition of the team is truly special, and being a fan has brought me so much joy over the years. I love nothing more than gathering with friends to watch the games and celebrate each victory as if it were our own. The resilience and determination of the Packers is what draws me to them, and I know they will always give it their all on the field. As a proud member of the Packers Nation, I will continue to support the team through every high and low. Go Pack go!"
Houston Texans,Please generate 5 five-sentence paragraphs where a Houston Texans fan introduces themselves. Make sure you can tell that each person is a Houston Texans fan.,"Hi there, I'm Sarah and I bleed Battle Red for my beloved Houston Texans! I've been a die-hard fan since the team was first established in 2002 and have followed them through all the ups and downs. My favorite player is definitely Deshaun Watson - he's a true game-changer and always gives his all on the field. I never miss a game and love to show my team spirit by wearing my Texans gear wherever I go. I can't wait for the next game to cheer on my Texans to victory!"
Houston Texans,Please generate 5 five-sentence paragraphs where a Houston Texans fan introduces themselves. Make sure you can tell that each person is a Houston Texans fan.,"Howdy, I'm Mike and I proudly represent the Houston Texans wherever I go! I've been a fan since day one and have watched the team grow and evolve over the years. My all-time favorite player is J.J. Watt - he's an absolute beast on the field and a true leader on and off the field. I love tailgating before games and getting hyped up with my fellow Texans fans. Let's go Texans!"
Houston Texans,Please generate 5 five-sentence paragraphs where a Houston Texans fan introduces themselves. Make sure you can tell that each person is a Houston Texans fan.,"Hey there, I'm Emily and I'm a die-hard Houston Texans fan through and through! I've been supporting the team since I was a little girl and have stuck with them through thick and thin. My favorite player is DeAndre Hopkins - he's a true playmaker and always comes through in clutch moments. I love going to games at NRG Stadium and feeling the electric energy of the crowd. Go Texans!"
Houston Texans,Please generate 5 five-sentence paragraphs where a Houston Texans fan introduces themselves. Make sure you can tell that each person is a Houston Texans fan.,"Howdy, my name is Chris and I bleed Deep Steel Blue for my Houston Texans! I've been a fan since the team's inception and have seen them grow into a competitive force in the NFL. My favorite player is Whitney Mercilus - he's a fierce pass rusher and a key part of our defense. I love watching games with my fellow Texans fans and getting hyped up for every touchdown and sack. Let's go Texans!"
Houston Texans,Please generate 5 five-sentence paragraphs where a Houston Texans fan introduces themselves. Make sure you can tell that each person is a Houston Texans fan.,"Hey, I'm David and I'm a hardcore Houston Texans fan through and through! I've been supporting the team since day one and have seen them overcome many challenges to become a powerhouse in the league. My favorite player is Justin Reid - he's a ball hawk in the secondary and always makes big plays when it matters most. I love tailgating with my friends before games and showing off my Texans pride. Go Texans!"
Indianapolis Colts,Please generate 5 five-sentence paragraphs where an Indianapolis Colts fan introduces themselves. Make sure you can tell that each person is an Indianapolis Colts fan.,"Hi, I'm Sarah and I bleed blue for the Indianapolis Colts! Ever since I was a kid, I've been a die-hard fan of the team and I never miss a game. My favorite player is quarterback Andrew Luck, and I even have his jersey hanging proudly in my living room. I love tailgating before games with my fellow Colts fans and cheering on the team at Lucas Oil Stadium. Go Colts!"
Indianapolis Colts,Please generate 5 five-sentence paragraphs where an Indianapolis Colts fan introduces themselves. Make sure you can tell that each person is an Indianapolis Colts fan.,"Hey there, I'm Mike and I've been a Colts fan for as long as I can remember. I grew up watching Peyton Manning lead the team to victory and now I proudly support players like T.Y. Hilton and Darius Leonard. My basement is decked out in Colts memorabilia, from signed helmets to banners and everything in between. I never miss a chance to watch the Colts play, whether it's on TV or in person at the stadium. Let's go Colts!"
Indianapolis Colts,Please generate 5 five-sentence paragraphs where an Indianapolis Colts fan introduces themselves. Make sure you can tell that each person is an Indianapolis Colts fan.,"Hello, my name is Emily and I am a huge Indianapolis Colts fan. I've been following the team for years and I always make sure to represent my team wherever I go. From wearing Colts gear to decorating my car with team decals, I am always showing my support. My favorite memory as a fan was when the Colts won Super Bowl XLI - I'll never forget that incredible season. I can't wait to see what the future holds for my beloved team. Go Colts!"
Indianapolis Colts,Please generate 5 five-sentence paragraphs where an Indianapolis Colts fan introduces themselves. Make sure you can tell that each person is an Indianapolis Colts fan.,"Hey, I'm Jake and I bleed blue for the Indianapolis Colts. I've been a season ticket holder for years and I love nothing more than spending my Sundays at Lucas Oil Stadium cheering on the team. There's nothing quite like the atmosphere of a Colts game - the energy of the fans, the excitement on the field, it's all so thrilling. I have a Colts shrine in my home, complete with autographed memorabilia and photos of my favorite players. Let's go Colts, let's get that win!"
Indianapolis Colts,Please generate 5 five-sentence paragraphs where an Indianapolis Colts fan introduces themselves. Make sure you can tell that each person is an Indianapolis Colts fan.,"Hi, I'm Lauren and I am a die-hard Indianapolis Colts fan. I never miss a game, whether I'm watching from home or cheering on the team in person at the stadium. My closet is filled with Colts jerseys, hats, and gear - I love to show my team spirit every chance I get. I even have a Colts-themed room in my house, where I watch games with friends and family. Being a Colts fan is a big part of who I am, and I wouldn't have it any other way. Go Colts!"
Jacksonville Jaguars,Please generate 5 five-sentence paragraphs where a Jacksonville Jaguars fan introduces themselves. Make sure you can tell that each person is a Jacksonville Jaguars fan.,"Hi there, I'm Sarah, and I bleed teal and black because I'm a die-hard Jacksonville Jaguars fan! Ever since I was a little girl, I've been cheering on the Jags through thick and thin. Nothing beats the energy of game day at TIAA Bank Field, and I never miss a chance to tailgate with my fellow fans. My favorite player is definitely Trevor Lawrence - I have so much faith in his ability to lead our team to victory. I can't wait to see what the future holds for the Jaguars!"
Jacksonville Jaguars,Please generate 5 five-sentence paragraphs where a Jacksonville Jaguars fan introduces themselves. Make sure you can tell that each person is a Jacksonville Jaguars fan.,"Hey there, I'm Marcus, and I've been a Jacksonville Jaguars fan since day one. Growing up in Florida, I always felt a connection to the team, and I've stayed loyal through all the ups and downs. There's nothing like the feeling of watching my Jags take the field on Sundays - it's pure magic. I've got a deep respect for the dedication and hard work that goes into being a professional athlete, and I admire how the Jaguars players embody that spirit. Here's to many more wins and championships for our beloved team!"
Jacksonville Jaguars,Please generate 5 five-sentence paragraphs where a Jacksonville Jaguars fan introduces themselves. Make sure you can tell that each person is a Jacksonville Jaguars fan.,"Hello, my name is Emily, and I proudly call myself a Jacksonville Jaguars fan. From the iconic pool in TIAA Bank Field to the roar of the crowd after a big play, there's nowhere I'd rather be on game day. I've got a fierce loyalty to my team, and I'll defend them to the end - no matter what the naysayers may think. The Jaguars have a rich history and a bright future ahead, and I can't wait to witness all the exciting moments yet to come. Go Jags!"
Jacksonville Jaguars,Please generate 5 five-sentence paragraphs where a Jacksonville Jaguars fan introduces themselves. Make sure you can tell that each person is a Jacksonville Jaguars fan.,"Hey, I'm Chris, and I've been a Jacksonville Jaguars fan since I can remember. The thrill of watching a game at TIAA Bank Field is unmatched - the energy, the passion, the excitement - it's an experience like no other. I've got a special place in my heart for past Jags legends like Fred Taylor and Maurice Jones-Drew, but I'm also thrilled about the new talent on the team. With Urban Meyer at the helm and a roster full of promising young players, the future looks bright for the Jaguars. I can't wait to see what they'll accomplish next!"
Jacksonville Jaguars,Please generate 5 five-sentence paragraphs where a Jacksonville Jaguars fan introduces themselves. Make sure you can tell that each person is a Jacksonville Jaguars fan.,"Greetings, I'm Alex, and I've been a devoted Jacksonville Jaguars fan for as long as I can recall. Whether I'm watching from the stands or tuning in from home, I always have faith in my team. The Jaguars represent resilience, determination, and unity - values that I hold dear in my own life. I've met some of my closest friends through our shared love of the Jags, and I treasure the bond we have as a fan community. Here's to another season of thrilling wins, heart-stopping plays, and unforgettable memories with the Jacksonville Jaguars!"
Kansas City Chiefs,Please generate 5 five-sentence paragraphs where a Kansas City Chiefs fan introduces themselves. Make sure you can tell that each person is a Kansas City Chiefs fan.,"Hi there, I'm Sarah, and I bleed red and gold for the Kansas City Chiefs! I've been a die-hard fan since I was a kid and watching my favorite team dominate on the field never gets old. There's nothing like the feeling of Arrowhead Stadium erupting with cheers after a touchdown. I proudly rock my Chiefs gear everywhere I go, from game days to grocery runs. Let's go Chiefs, Super Bowl bound again this year!"
Kansas City Chiefs,Please generate 5 five-sentence paragraphs where a Kansas City Chiefs fan introduces themselves. Make sure you can tell that each person is a Kansas City Chiefs fan.,"Hey there, I'm Mike, and I proudly represent the Kansas City Chiefs no matter where I am. From tailgates to watch parties, I'm always surrounded by fellow Chiefs fans who share the same passion for our team. I'll never forget the excitement of watching Patrick Mahomes lead our team to victory in the Super Bowl. I can't wait to see what they'll accomplish next season! Go Chiefs!"
Kansas City Chiefs,Please generate 5 five-sentence paragraphs where a Kansas City Chiefs fan introduces themselves. Make sure you can tell that each person is a Kansas City Chiefs fan.,"What's up, I'm Emily, and my love for the Kansas City Chiefs runs deep. From memorizing player stats to proudly displaying Chiefs decor in my home, I am a true fan through and through. One of my favorite memories was watching the Chiefs come back to win in the fourth quarter of a nail-biter game. I get goosebumps just thinking about it! Win or lose, I'll always support my Chiefs. Let's bring home another Lombardi trophy!"
Kansas City Chiefs,Please generate 5 five-sentence paragraphs where a Kansas City Chiefs fan introduces themselves. Make sure you can tell that each person is a Kansas City Chiefs fan.,"Hi, I'm Alex, and my heart belongs to the Kansas City Chiefs. Growing up in Kansas City, I've always been surrounded by passionate Chiefs fans, and that energy is contagious. It's exhilarating to be part of a fan base that is so loyal and dedicated to our team. I will never forget the feeling of pure joy and pride when the Chiefs won the Super Bowl. I can't wait to see them dominate on the field again this season. Go Chiefs!"
Kansas City Chiefs,Please generate 5 five-sentence paragraphs where a Kansas City Chiefs fan introduces themselves. Make sure you can tell that each person is a Kansas City Chiefs fan.,"Hello, I'm Jason, and being a Kansas City Chiefs fan is a major part of my identity. Whether I'm watching games at Arrowhead Stadium or at home with friends, my enthusiasm for the Chiefs is unwavering. The camaraderie among Chiefs fans is unlike anything I've experienced - we're a tight-knit community that supports our team through thick and thin. I get chills every time I hear the crowd erupt in cheers for the Chiefs. This season, I have no doubt that the Chiefs will make it back to the Super Bowl. Let's go Chiefs!"
Los Angeles Rams,Please generate 5 five-sentence paragraphs where a Los Angeles Rams fan introduces themselves. Make sure you can tell that each person is a Los Angeles Rams fan.,"Hi there, I'm Sarah and I'm a die-hard Los Angeles Rams fan! I've been cheering for the Rams since I was a kid and there's no other team I'd rather support. My wardrobe is practically filled with Rams gear, from jerseys to hats and everything in between. I never miss a game, whether I'm watching from the comfort of my living room or cheering in the stands at SoFi Stadium. When the Rams win, my whole week is made and I love being part of the Rams Nation!"
Los Angeles Rams,Please generate 5 five-sentence paragraphs where a Los Angeles Rams fan introduces themselves. Make sure you can tell that each person is a Los Angeles Rams fan.,"Hey, I'm Alex and I bleed blue and gold for the Los Angeles Rams! I've been a loyal fan for as long as I can remember, through the highs and lows of the seasons. My walls are covered with Rams memorabilia, from signed jerseys to framed photos of my favorite players. Sundays are sacred for me, as I always make sure to tune in to watch the Rams dominate on the field. Being a fan of the Rams is more than just a hobby for me, it's a way of life."
Los Angeles Rams,Please generate 5 five-sentence paragraphs where a Los Angeles Rams fan introduces themselves. Make sure you can tell that each person is a Los Angeles Rams fan.,"What's up, I'm Mike and I proudly represent the Los Angeles Rams wherever I go! Whether I'm at work or out with friends, you can bet I'll always be sporting my Rams gear. I have a collection of Rams souvenirs that I've been collecting for years, from mini helmets to autographed footballs. Game days are my favorite days, as I get to cheer on my beloved Rams with fellow fans. I may not be on the field, but I feel like I'm part of the team with every touchdown they score."
Los Angeles Rams,Please generate 5 five-sentence paragraphs where a Los Angeles Rams fan introduces themselves. Make sure you can tell that each person is a Los Angeles Rams fan.,"Hello, I'm Emily and I'm a devoted Los Angeles Rams fan through and through! I've been following the Rams since their St. Louis days and I've stuck with them through thick and thin. Rams games are the highlight of my week, where I get to immerse myself in the excitement and joy of watching my team play. My closet is a tribute to the Rams, with every shade of blue and gold represented in my wardrobe. Being a fan of the Rams brings me so much happiness and pride, especially when they come out victorious on game day."
Los Angeles Rams,Please generate 5 five-sentence paragraphs where a Los Angeles Rams fan introduces themselves. Make sure you can tell that each person is a Los Angeles Rams fan.,"Hey there, I'm Jason and I'm a passionate Los Angeles Rams fan who eats, sleeps, and breathes football! Sundays are reserved for watching the Rams play, as I huddle around the TV with friends and family to root for our team. I have a special spot in my home dedicated to Rams memorabilia, from signed helmets to framed photos of Rams legends. Whenever I'm out and about, I proudly flaunt my Rams gear to show my unwavering support for the team. Being a Rams fan has taught me the value of loyalty and sportsmanship, and I wouldn't have it any other way."
Miami Dolphins,Please generate 5 five-sentence paragraphs where a Miami Dolphins fan introduces themselves. Make sure you can tell that each person is a Miami Dolphins fan.,"Hey there, my name is John and I bleed aqua and orange for the Miami Dolphins! I've been a fan of the team ever since I was a little kid watching Dan Marino tear up the field. I never miss a game, whether I'm at Hard Rock Stadium cheering on the team in person or watching from my living room with my trusty Dolphins jersey on. Win or lose, I'll always support my beloved Dolphins through thick and thin. Fins up!"
Miami Dolphins,Please generate 5 five-sentence paragraphs where a Miami Dolphins fan introduces themselves. Make sure you can tell that each person is a Miami Dolphins fan.,"What's up, my name is Sarah and I am a die-hard Miami Dolphins fan through and through! From the iconic Miami Dolphin logo tattooed on my arm to the collection of Dan Marino memorabilia in my home, my love for the team runs deep. I can't wait for football season to start so I can rock my Dolphins gear and show my pride for the team. Whether I'm tailgating before a game or watching from the stands, you can bet I'll be cheering on the Dolphins with all my heart."
Miami Dolphins,Please generate 5 five-sentence paragraphs where a Miami Dolphins fan introduces themselves. Make sure you can tell that each person is a Miami Dolphins fan.,"Hi there, I'm Alex and being a Miami Dolphins fan is a way of life for me. I've been supporting the team since I was a kid and have stayed loyal through the ups and downs. Sundays are reserved for watching the Dolphins play, and I never miss a chance to show my support. I even have a collection of Dolphin-themed memorabilia decorating my home, from signed jerseys to mini helmets. Fins up forever!"
Miami Dolphins,Please generate 5 five-sentence paragraphs where a Miami Dolphins fan introduces themselves. Make sure you can tell that each person is a Miami Dolphins fan.,"Yo, I'm Chris and I bleed aqua and orange for the Miami Dolphins! I've been a fan of the team for as long as I can remember, and my love for the Dolphins only grows stronger with each passing season. Watching the team play is the highlight of my week, and I always make sure to represent with my Dolphins gear. Whether I'm tailgating with fellow fans or watching from home, you can bet I'll be cheering loud and proud for the Dolphins."
Miami Dolphins,Please generate 5 five-sentence paragraphs where a Miami Dolphins fan introduces themselves. Make sure you can tell that each person is a Miami Dolphins fan.,"Hey, my name is Emily and I'm a proud Miami Dolphins fan through and through. From the iconic logo on my car to the Dolphins flag flying high outside my home, there's no mistaking where my allegiance lies. I've been supporting the team for as long as I can remember and have created countless memories watching the Dolphins play. Sundays are sacred as I gather with friends and family to cheer on our beloved Dolphins. Win or lose, my loyalty to the team will never waver. Fins up!"
Minnesota Vikings,Please generate 5 five-sentence paragraphs where a Minnesota Vikings fan introduces themselves. Make sure you can tell that each person is a Minnesota Vikings fan.,"Hi there, my name is Sarah and I am a die-hard Minnesota Vikings fan! I have been following the team for as long as I can remember and there is nothing I love more than cheering on my favorite players on game day. Skol Vikings! You'll often find me sporting my purple and gold apparel and talking excitedly about the latest game or player stats. Beware, if you mention anything negative about the Vikings, I'll defend my team with passion and loyalty. It's a lifelong commitment being a Vikings fan, and I wouldn't have it any other way!"
Minnesota Vikings,Please generate 5 five-sentence paragraphs where a Minnesota Vikings fan introduces themselves. Make sure you can tell that each person is a Minnesota Vikings fan.,"Hello, I'm Ryan and my blood runs purple for the Minnesota Vikings. Watching the team play at U.S. Bank Stadium is an exhilarating experience that I wouldn't trade for anything in the world. From the Skol chant to the touchdown celebrations, every moment is pure bliss when the Vikings are on the field. I've met some of my closest friends through our shared love for the team, and we never miss a chance to tailgate before a game. Being a Vikings fan is not just a hobby, it's a way of life that brings me joy and excitement every season."
Minnesota Vikings,Please generate 5 five-sentence paragraphs where a Minnesota Vikings fan introduces themselves. Make sure you can tell that each person is a Minnesota Vikings fan.,"Hey there, my name is Alex and I bleed purple and gold for the Minnesota Vikings! Being a fan of this team is more than just watching games on TV - it's a deep connection to the rich history and traditions that make the Vikings so special. I can recite player stats and game outcomes from decades past with ease, proving my dedication to the team. Cheering on the Vikings with fellow fans at the stadium or in the comfort of my living room brings a sense of camaraderie and unity that is truly unmatched. Skol Vikings, all day, every day!"
Minnesota Vikings,Please generate 5 five-sentence paragraphs where a Minnesota Vikings fan introduces themselves. Make sure you can tell that each person is a Minnesota Vikings fan.,"Hey, I'm Samantha and I'm a true Minnesota Vikings fanatic! Whether it's tailgating before a game or debating the team's chances in the upcoming season, I am always fully immersed in Vikings culture. There's nothing quite like the rush of excitement and adrenaline I feel when watching the Vikings take the field and hearing the roar of the crowd. As a fan, I believe in supporting the team through thick and thin, celebrating victories and rallying behind them in defeat. Skol Vikings forever!"
Minnesota Vikings,Please generate 5 five-sentence paragraphs where a Minnesota Vikings fan introduces themselves. Make sure you can tell that each person is a Minnesota Vikings fan.,"Greetings, I'm Jake and I proudly represent the Minnesota Vikings wherever I go. From wearing my Vikings gear with pride to decking out my car in team decals, my loyalty to the Vikings knows no bounds. I've traveled near and far to support the team, attending games both at home and on the road to show my unwavering dedication. Being a Vikings fan is not just about the wins and losses, it's about the sense of community and belonging that comes with being part of the Purple and Gold family. Skol Vikings, let's bring home that Lombardi Trophy!"
New England Patriots,Please generate 5 five-sentence paragraphs where a New England Patriots fan introduces themselves. Make sure you can tell that each person is a New England Patriots fan.,"Hi there, my name is Jen and I'm a diehard New England Patriots fan! I've been rooting for the team since I was a kid and I bleed blue and red. Tom Brady will always be my all-time favorite player, but I'm excited to see what the future holds for our team. I love talking football with fellow fans and can't wait for game days to cheer on the Patriots. Go Pats!"
New England Patriots,Please generate 5 five-sentence paragraphs where a New England Patriots fan introduces themselves. Make sure you can tell that each person is a New England Patriots fan.,"Hey there, I'm Mike and I proudly represent the New England Patriots fan base! I have a Patriots jersey for every day of the week and my favorite piece of memorabilia is a signed football from Bill Belichick. I consider Gillette Stadium my home away from home and attending games is always the highlight of my year. I'm always up for a debate about the greatest NFL dynasty - spoiler alert, it's the Patriots. Let's go, Pats!"
New England Patriots,Please generate 5 five-sentence paragraphs where a New England Patriots fan introduces themselves. Make sure you can tell that each person is a New England Patriots fan.,"Hello, all! I am Emily, and I am a passionate New England Patriots fan. Growing up in Massachusetts, I was raised to bleed red and blue for my beloved team. Whether it's celebrating a touchdown or commiserating over a tough loss, being a Patriots fan is a rollercoaster of emotions, but I wouldn't have it any other way. I have faith in the team no matter what challenges they face, and I know they will always rise to the occasion. Let's unite in our love for the Patriots!"
New England Patriots,Please generate 5 five-sentence paragraphs where a New England Patriots fan introduces themselves. Make sure you can tell that each person is a New England Patriots fan.,"Nice to meet you! I'm Alex, and I am a die-hard New England Patriots fan through and through. I have posters of all my favorite players plastered on my walls, and my wardrobe consists mainly of Patriots gear. Whenever the Patriots are playing, you can find me glued to the TV, cheering them on with unwavering enthusiasm. I am proud to be a part of the Patriots Nation, and I will always support my team no matter what."
New England Patriots,Please generate 5 five-sentence paragraphs where a New England Patriots fan introduces themselves. Make sure you can tell that each person is a New England Patriots fan.,"Greetings! My name is Ryan, and I am a longtime fan of the New England Patriots. Watching the Patriots win Super Bowls and break records fills me with so much pride and joy. My friends and family know not to disturb me during game days, as I am completely invested in every play and call made by the team. Being a Patriots fan is more than just supporting a football team—it's being part of a tight-knit community of dedicated fans who share a common love for the greatest team in the NFL."
New Orleans Saints,Please generate 5 five-sentence paragraphs where a New Orleans Saints fan introduces themselves. Make sure you can tell that each person is a New Orleans Saints fan.,"Hi there, my name is Jenna and I am a die-hard New Orleans Saints fan! I bleed black and gold and can't get enough of talking about my favorite team. From Drew Brees to Alvin Kamara, I know everything there is to know about the Saints lineup. I never miss a game and you can often find me at the local sports bar cheering on my team with other passionate fans. Who Dat Nation all the way!"
New Orleans Saints,Please generate 5 five-sentence paragraphs where a New Orleans Saints fan introduces themselves. Make sure you can tell that each person is a New Orleans Saints fan.,"Hey, my name is Jeremy and I am proud to say that I am a lifelong New Orleans Saints fan. Growing up in the heart of Louisiana, I was raised to love everything about the Saints. I have a collection of jerseys, hats, and memorabilia that I proudly display in my Saints-themed man cave. Sundays are sacred in my household because that's when I gather with friends and family to watch the Saints dominate on the field."
New Orleans Saints,Please generate 5 five-sentence paragraphs where a New Orleans Saints fan introduces themselves. Make sure you can tell that each person is a New Orleans Saints fan.,"Howdy, I'm Marcus and I have been a New Orleans Saints fan since I can remember. I have vivid memories of watching the Saints play in the Superdome with my dad when I was a kid. The sound of the Saints' fight song gives me chills every time I hear it. I have a deep connection to the city of New Orleans and the Saints represent everything I love about the culture and spirit of the Big Easy."
New Orleans Saints,Please generate 5 five-sentence paragraphs where a New Orleans Saints fan introduces themselves. Make sure you can tell that each person is a New Orleans Saints fan.,"Hello there, my name is Samantha and I am a proud member of Who Dat Nation. I have been a New Orleans Saints fan for as long as I can remember and have a special place in my heart for the team. I have traveled to New Orleans multiple times to watch the Saints play in person and nothing compares to the energy and excitement of a home game. I wear my Saints gear with pride and always make sure to represent my team wherever I go."
New Orleans Saints,Please generate 5 five-sentence paragraphs where a New Orleans Saints fan introduces themselves. Make sure you can tell that each person is a New Orleans Saints fan.,"Hi, I'm Alex and I am a devoted New Orleans Saints fan through and through. The Saints have been a huge part of my life and I have made countless unforgettable memories cheering them on over the years. I follow all the latest news and updates on the team religiously and love discussing game strategies with fellow Saints fans. The bond I share with other Who Dat enthusiasts is unmatched and I am always excited to meet new people who share my passion for the Saints. Geaux Saints!"
New York Giants,Please generate 5 five-sentence paragraphs where a New York Giants fan introduces themselves. Make sure you can tell that each person is a New York Giants fan.,"Hey, I'm Mike and I proudly represent the New York Giants fanbase! Growing up in New Jersey, it was only natural for me to root for the G-Men. I have season tickets and love the experience of tailgating with fellow fans before each game. My all-time favorite moment as a Giants fan was when David Tyree made the iconic helmet catch in Super Bowl XLII. Let's go Giants!"
New York Giants,Please generate 5 five-sentence paragraphs where a New York Giants fan introduces themselves. Make sure you can tell that each person is a New York Giants fan.,"What's up, I'm Chris and I eat, sleep, and breathe New York Giants football! From Lawrence Taylor to Saquon Barkley, I've seen some incredible players wear the blue and white. I've been a season ticket holder for over a decade and have traveled to away games to support my team. It's a family tradition to watch every Giants game together, and I wouldn't have it any other way. Let's get that W, Giants!"
New York Giants,Please generate 5 five-sentence paragraphs where a New York Giants fan introduces themselves. Make sure you can tell that each person is a New York Giants fan.,"Hi, I'm Emily and I'm a diehard New York Giants fan through and through. I've proudly worn my Giants gear everywhere from tailgates to the office. My favorite memory as a Giants fan was watching Odell Beckham Jr. make that insane one-handed catch against the Cowboys. I love the camaraderie among Giants fans and how we always have each other's backs. Let's show our support for the Giants together!"
New York Giants,Please generate 5 five-sentence paragraphs where a New York Giants fan introduces themselves. Make sure you can tell that each person is a New York Giants fan.,"Hey there, I'm Alex and there's no doubt that I bleed blue for the New York Giants! I've been a fan since I was a kid, watching games with my family on Sundays. My passion for the Giants runs deep, and I always defend my team, no matter what. Whether we win or lose, I'll always stand by Big Blue. Let's go Giants, let's show the world what we're made of!"
New York Giants,Please generate 5 five-sentence paragraphs where a New York Giants fan introduces themselves. Make sure you can tell that each person is a New York Giants fan.,"Hi there! I'm John, and I bleed blue for the New York Giants! Ever since I was a kid, watching them dominate on the field has been my passion. From Eli Manning's clutch throws to Saquon Barkley's electrifying runs, every game day is a rollercoaster of emotions. My room is practically a shrine to Big Blue, adorned with jerseys, posters, and even a signed football from my favorite players. Whether they win or lose, being a Giants fan is about loyalty and the thrill of being part of a legendary franchise."
New York Jets,Please generate 5 five-sentence paragraphs where a New York Jets fan introduces themselves. Make sure you can tell that each person is a New York Jets fan.,"Hi there, my name is Sarah and I am a die-hard New York Jets fan! I bleed green and white and always proudly represent my team. I have been a loyal fan for as long as I can remember, and I never miss a game. My favorite player is Joe Namath - he's a legend in Jets history. I can't wait to see the Jets dominate this season!"
New York Jets,Please generate 5 five-sentence paragraphs where a New York Jets fan introduces themselves. Make sure you can tell that each person is a New York Jets fan.,"Hey, I'm Mike and I am a huge New York Jets fan! Sundays are sacred for me as I gather with my fellow Jets fans to cheer on our team. My walls are covered in Jets memorabilia and my wardrobe is practically all green and white. It's been tough being a Jets fan sometimes, but I always stay optimistic and believe in our team's potential. Let's go Jets!"
New York Jets,Please generate 5 five-sentence paragraphs where a New York Jets fan introduces themselves. Make sure you can tell that each person is a New York Jets fan.,"What's up! My name is Jack and I proudly support the New York Jets! I've been to countless games at MetLife Stadium and the energy is always electric. My favorite Jets memory is when we won Super Bowl III - that victory will always hold a special place in my heart. I love connecting with other Jets fans and discussing our hopes for the upcoming season. Jets Nation, baby!"
New York Jets,Please generate 5 five-sentence paragraphs where a New York Jets fan introduces themselves. Make sure you can tell that each person is a New York Jets fan.,"Hello, I'm Liz and I am a passionate New York Jets fan through and through. My family has been fans for generations, and I continue to carry on the tradition. I have a deep appreciation for the Jets' history and often find myself reminiscing about some of our greatest moments. Despite the ups and downs, I remain dedicated to supporting my team. Let's show the world what the Jets are made of!"
New York Jets,Please generate 5 five-sentence paragraphs where a New York Jets fan introduces themselves. Make sure you can tell that each person is a New York Jets fan.,"Hey, I'm Ben and I am a proud member of Jets Nation! I never shy away from showing off my Jets pride, whether it's through my attire or my spirited game day rituals. I have faith in our team's potential and always see the bright side, even during tough seasons. One of my dreams is to witness the Jets hoist the Lombardi Trophy once again. Let's keep the faith and support our beloved New York Jets!"
Oakland Raiders,Please generate 5 five-sentence paragraphs where an Oakland Raiders fan introduces themselves. Make sure you can tell that each person is an Oakland Raiders fan.,"Hi there, I'm Samantha and I bleed silver and black for my beloved Oakland Raiders. Ever since I was a little girl, I've been rooting for them through thick and thin. My living room is practically a shrine to the Raiders with memorabilia covering the walls. I never miss a game and proudly sport my Raiders gear wherever I go. Raider Nation is more than just a fanbase to me, it's a way of life."
Oakland Raiders,Please generate 5 five-sentence paragraphs where an Oakland Raiders fan introduces themselves. Make sure you can tell that each person is an Oakland Raiders fan.,"What's up? I'm Mike and I've been a die-hard Oakland Raiders fan since I can remember. Every Sunday, you can find me yelling at the TV, cheering on my team as if I were right there in the stadium. My car is decked out in Raiders decals and my wardrobe consists mostly of silver and black attire. I have a deep respect for the history of the Raiders and am always ready to defend them against any naysayers. Just win, baby!"
Oakland Raiders,Please generate 5 five-sentence paragraphs where an Oakland Raiders fan introduces themselves. Make sure you can tell that each person is an Oakland Raiders fan.,"Yo, it's Jason and I'm proud to say I bleed silver and black for the Oakland Raiders. Growing up, my dad instilled in me a love for the Raiders that has only grown stronger over the years. I've been lucky enough to attend games at the Coliseum and the energy of Raider Nation is unmatched. My friends know not to mess with me on game day because I take my Raiders fandom very seriously. Commitment to Excellence isn't just a motto, it's a way of life for me."
Oakland Raiders,Please generate 5 five-sentence paragraphs where an Oakland Raiders fan introduces themselves. Make sure you can tell that each person is an Oakland Raiders fan.,"Hi, I'm Emily and I've been a loyal Oakland Raiders fan for as long as I can remember. The passion and intensity of Raider Nation drew me in from a young age and I've never looked back. My friends joke that my blood runs silver and black, and they're not wrong. Whether we win or lose, I'll always stand by my team with unwavering support. Just the sight of the Raiders logo gives me goosebumps and I can't imagine my life without this team."
Oakland Raiders,Please generate 5 five-sentence paragraphs where an Oakland Raiders fan introduces themselves. Make sure you can tell that each person is an Oakland Raiders fan.,"Hey there, I'm Alex and I proudly represent the Oakland Raiders wherever I go. From the iconic logo to the legendary players who have worn the silver and black, I have a deep appreciation for everything the Raiders stand for. As a member of Raider Nation, I feel a sense of camaraderie with fans all over the world who share my love for this team. The thrill of a Raiders game day is unlike anything else and I wouldn't trade it for the world. Once a Raider, always a Raider."
Philadelphia Eagles,Please generate 5 five-sentence paragraphs where a Philadelphia Eagles fan introduces themselves. Make sure you can tell that each person is a Philadelphia Eagles fan.,"Hi there, my name is Jake and I bleed green for the Philadelphia Eagles! I've been a die-hard fan since I was a kid and my passion for the team has only grown stronger over the years. From tailgating before games to cheering in the stands at Lincoln Financial Field, I live and breathe Eagles football. I could talk for hours about our legendary players like Brian Dawkins and Reggie White, or our unforgettable Super Bowl win in 2018. Fly Eagles Fly is not just a chant, it's a way of life for me!"
Philadelphia Eagles,Please generate 5 five-sentence paragraphs where a Philadelphia Eagles fan introduces themselves. Make sure you can tell that each person is a Philadelphia Eagles fan.,"Hey, I'm Sarah and I'm a proud Philadelphia Eagles fan through and through. I've got season tickets and I never miss a game, no matter how far I have to travel to see the Birds play. Some of my favorite memories involve watching Carson Wentz lead our team to victory or celebrating with fellow fans after a big win. The camaraderie among Eagles fans is something truly special and I feel lucky to be a part of such a passionate fan base. E-A-G-L-E-S, Eagles!"
Philadelphia Eagles,Please generate 5 five-sentence paragraphs where a Philadelphia Eagles fan introduces themselves. Make sure you can tell that each person is a Philadelphia Eagles fan.,"What's up, my name is Alex and I'm a lifelong Philadelphia Eagles fan. Growing up in Philly, I was raised to love all things Eagles and I've never looked back. Whether it's talking trash to Cowboys fans or rocking my green and black gear on game day, supporting the Eagles is a way of life for me. I can recite stats and player histories like the back of my hand and I never miss an opportunity to defend my team against the haters. Fly Eagles Fly, baby!"
Philadelphia Eagles,Please generate 5 five-sentence paragraphs where a Philadelphia Eagles fan introduces themselves. Make sure you can tell that each person is a Philadelphia Eagles fan.,"Hello there, I'm Emily and I am a devoted Philadelphia Eagles fan. Sundays are sacred in my house because that's when I can be found glued to the TV, cheering on my favorite football team. The thrill of a close game or a last-minute victory is what keeps me coming back for more, season after season. I've even converted some friends and family members into Eagles fans with my enthusiasm and dedication. As long as there's football, you can bet I'll be there, cheering on the Birds with all my heart!"
Philadelphia Eagles,Please generate 5 five-sentence paragraphs where a Philadelphia Eagles fan introduces themselves. Make sure you can tell that each person is a Philadelphia Eagles fan.,"Hey, I'm Chris and I bleed green for the Philadelphia Eagles. I may not live in Philly anymore, but my love for the team has never wavered. I've traveled far and wide to catch games and have even convinced a few friends to join me in supporting the Eagles. Whether we win or lose, I'll always stand by my team and proudly show off my Eagles pride. From the days of Donovan McNabb to now with Jalen Hurts, I've been there through it all. E-A-G-L-E-S, Eagles!"
Pittsburgh Steelers,Please generate 5 five-sentence paragraphs where a Pittsburgh Steelers fan introduces themselves. Make sure you can tell that each person is a Pittsburgh Steelers fan.,"Hello, my name is Jake and I am a die-hard Pittsburgh Steelers fan. I bleed black and gold and never miss a game, whether watching at home or cheering in the stands at Heinz Field. My love for the Steelers runs deep, passed down from my family who have been rooting for the team for generations. I proudly wear my Steelers gear wherever I go, always ready to defend my team against any naysayers. Here we go, Steelers, here we go!"
Pittsburgh Steelers,Please generate 5 five-sentence paragraphs where a Pittsburgh Steelers fan introduces themselves. Make sure you can tell that each person is a Pittsburgh Steelers fan.,"Hey there, I'm Sarah and I am a proud member of Steelers Nation. From the Terrible Towel to the iconic logo, everything about the Pittsburgh Steelers resonates with me. I have countless memories of celebrating victories and mourning losses with my fellow Steelers fans, creating a bond that can never be broken. I admire the team's history and the strong sense of community that comes with being part of the Steelers fanbase. Whenever I hear Renegade playing in the stadium, chills run down my spine - it's game time!"
Pittsburgh Steelers,Please generate 5 five-sentence paragraphs where a Pittsburgh Steelers fan introduces themselves. Make sure you can tell that each person is a Pittsburgh Steelers fan.,"Greetings, I'm Matt and the Pittsburgh Steelers are more than just a team to me - they are a way of life. I have dedicated countless Sundays to watching the Steelers play, no matter where I am or what I'm doing. The team's resilience and determination mirror the qualities I strive to embody in my own life. Meeting other Steelers fans is like meeting long-lost friends, instantly connecting over our shared love for the team. As Ben Roethlisberger once said, ""It's not just a team, it's a way of life."""
Pittsburgh Steelers,Please generate 5 five-sentence paragraphs where a Pittsburgh Steelers fan introduces themselves. Make sure you can tell that each person is a Pittsburgh Steelers fan.,"Hi, I'm Emily and being a Pittsburgh Steelers fan is a huge part of my identity. Growing up in Steel City, the Steelers were always a topic of conversation and a source of pride within my family. The sound of ""Here We Go"" echoing through the stadium never fails to send shivers down my spine, fueling my passion for the team. Whether the Steelers win or lose, I stand by them through thick and thin, knowing that we are all part of something special. As the saying goes, ""Once a Steelers fan, always a Steelers fan."""
Pittsburgh Steelers,Please generate 5 five-sentence paragraphs where a Pittsburgh Steelers fan introduces themselves. Make sure you can tell that each person is a Pittsburgh Steelers fan.,"Nice to meet you, I'm Tyler and I have been a loyal Pittsburgh Steelers fan since I can remember. The thrill of game day and the camaraderie among fans is something that can't be replicated with any other team. Even during the toughest of seasons, I remain optimistic and steadfast in my support for the Steelers. My wardrobe is filled with black and gold, proudly representing my team wherever I go. Being a Steelers fan is more than just cheering for a football team - it's a way of life that brings people together in a shared love for the game. Here we go, Steelers!"
Los Angeles Chargers,Please generate 5 five-sentence paragraphs where a Los Angeles Chargers fan introduces themselves. Make sure you can tell that each person is a Los Angeles Chargers fan.,"Hi there! My name is Sarah and I am a die-hard Los Angeles Chargers fan. I've been supporting the team since I was a kid, and I never miss a game. My favorite player is Keenan Allen, and I have his jersey proudly displayed in my living room. I even have a Chargers-themed man cave where I watch all the games with my friends. Bolt up!"
Los Angeles Chargers,Please generate 5 five-sentence paragraphs where a Los Angeles Chargers fan introduces themselves. Make sure you can tell that each person is a Los Angeles Chargers fan.,"Hey, my name is Mike and I am a true blue Los Angeles Chargers fan. I have been following the team for as long as I can remember, through the highs and lows. Philip Rivers will always be my favorite player, and I have a special autographed football from him that I cherish. I love going to games at SoFi Stadium and cheering on the team with my fellow Chargers fans. Go Bolts!"
Los Angeles Chargers,Please generate 5 five-sentence paragraphs where a Los Angeles Chargers fan introduces themselves. Make sure you can tell that each person is a Los Angeles Chargers fan.,"Greetings! I'm Alex and I am a passionate Los Angeles Chargers fan. I bleed blue and gold, and I always represent my team wherever I go. I have a collection of Chargers memorabilia, including signed jerseys, helmets, and footballs. My dream is to meet some of the players and get their autographs in person. Chargers for life!"
Los Angeles Chargers,Please generate 5 five-sentence paragraphs where a Los Angeles Chargers fan introduces themselves. Make sure you can tell that each person is a Los Angeles Chargers fan.,"Hello there! My name is Ryan and I am a proud supporter of the Los Angeles Chargers. I have been a fan since the days of LaDainian Tomlinson, and I have stuck with the team through thick and thin. I always wear my Chargers gear with pride, whether it's a hat, shirt, or jacket. Sundays are sacred to me, as I never miss a game and always root for my team to come out on top. Bolt pride!"
Los Angeles Chargers,Please generate 5 five-sentence paragraphs where a Los Angeles Chargers fan introduces themselves. Make sure you can tell that each person is a Los Angeles Chargers fan.,"Hi, I'm Jessica and I am a devoted Los Angeles Chargers fan. I have been following the team for years and have witnessed their journey through different cities and stadiums. I have a lucky Chargers blanket that I bring out for every game, and it has never failed me. I love discussing game strategies and player stats with my fellow fans, always looking for ways to support the team. Let's go Bolts!"
San Francisco 49ers,Please generate 5 five-sentence paragraphs where a San Francisco 49ers fan introduces themselves. Make sure you can tell that each person is a San Francisco 49ers fan.,"Hello, my name is Sarah and I am a proud San Francisco 49ers fan! I have been supporting this team since I was a child and have never looked back. My entire wardrobe is practically filled with 49ers gear, from jerseys to hats to socks. I never miss a game, whether I'm watching from home or cheering on the team in person at Levi's Stadium. I truly bleed red and gold for the Niners!"
San Francisco 49ers,Please generate 5 five-sentence paragraphs where a San Francisco 49ers fan introduces themselves. Make sure you can tell that each person is a San Francisco 49ers fan.,"Hey there, I'm Mike and I bleed red and gold for the San Francisco 49ers! I've been a die-hard fan for as long as I can remember and have stuck with the team through thick and thin. Sundays are dedicated to watching the 49ers game, surrounded by my fellow faithful fans. My favorite player is George Kittle, and I never miss a chance to show off my signed memorabilia. I am incredibly proud to be part of the Niner Empire!"
San Francisco 49ers,Please generate 5 five-sentence paragraphs where a San Francisco 49ers fan introduces themselves. Make sure you can tell that each person is a San Francisco 49ers fan.,"What's up? My name is Jeff, and I am a lifelong San Francisco 49ers fan! I grew up watching legends like Joe Montana and Jerry Rice dominate the field, and I've been hooked ever since. I always make sure to represent my team wherever I go, whether I'm wearing a 49ers shirt or flying my team flag outside my house. I have a dedicated sports room filled with 49ers memorabilia, from autographed helmets to vintage posters. Being a Niner fan is not just a hobby for me, it's a way of life!"
San Francisco 49ers,Please generate 5 five-sentence paragraphs where a San Francisco 49ers fan introduces themselves. Make sure you can tell that each person is a San Francisco 49ers fan.,"Hey, I'm Lisa, and I am a proud member of the faithful San Francisco 49ers fanbase! I have been supporting this team for as long as I can remember and have passed down my passion for the 49ers to my children. I love nothing more than tailgating with my fellow fans before a game, enjoying good food and great company. My dream is to one day visit the Pro Football Hall of Fame to see all the 49ers legends enshrined. Being a 49ers fan is more than just rooting for a team; it's a sense of community and tradition that I hold dear."
San Francisco 49ers,Please generate 5 five-sentence paragraphs where a San Francisco 49ers fan introduces themselves. Make sure you can tell that each person is a San Francisco 49ers fan.,"Hey, I'm Alex and I've been a San Francisco 49ers fan for as long as I can remember. Sundays are sacred for me, spent cheering on my favorite team with friends and family, decked out in 49ers gear from head to toe. I've witnessed the team's triumphs and setbacks, but my loyalty never wavers. Whether it's the legendary catches or game-winning drives, I live for those electrifying moments as a 49ers fan."
Seattle Seahawks,Please generate 5 five-sentence paragraphs where a Seattle Seahawks fan introduces themselves. Make sure you can tell that each person is a Seattle Seahawks fan.,"Hello, my name is Melissa and I am a die-hard Seattle Seahawks fan. I bleed blue and green and always proudly wear my Seahawks gear on game days. Russell Wilson is my favorite player and I have been following the team since I was a kid. I have a Seahawks flag flying outside my house and love going to games at CenturyLink Field. Go Hawks!"
Seattle Seahawks,Please generate 5 five-sentence paragraphs where a Seattle Seahawks fan introduces themselves. Make sure you can tell that each person is a Seattle Seahawks fan.,"Hey there, I'm Mark and I am a lifelong Seattle Seahawks fan. I have a collection of Seahawks memorabilia in my man cave, including signed jerseys and helmets. I have been a season ticket holder for years and never miss a home game. I get pumped up whenever the Seahawks score a touchdown and love the energy at CenturyLink Field. Let's go Seahawks!"
Seattle Seahawks,Please generate 5 five-sentence paragraphs where a Seattle Seahawks fan introduces themselves. Make sure you can tell that each person is a Seattle Seahawks fan.,"Hi, my name is Sarah and I have been a Seattle Seahawks fan since I can remember. I proudly display my Seahawks pride with a car decal and a flag in my front yard. I love watching Bobby Wagner make big plays on defense and cheering on the team with my fellow 12s. I have a closet full of Seahawks gear and always make sure to represent my team wherever I go. Sea...Hawks!"
Seattle Seahawks,Please generate 5 five-sentence paragraphs where a Seattle Seahawks fan introduces themselves. Make sure you can tell that each person is a Seattle Seahawks fan.,"Greetings, I am Alex and being a Seattle Seahawks fan is a huge part of my identity. I have a Wilson jersey hanging in my closet and a Seahawks rug in my living room. I love the excitement of game days and getting together with friends to watch the Seahawks dominate on the field. I have a deep appreciation for the history of the team and proudly support them through wins and losses. Let's go Seahawks!"
Seattle Seahawks,Please generate 5 five-sentence paragraphs where a Seattle Seahawks fan introduces themselves. Make sure you can tell that each person is a Seattle Seahawks fan.,"Hello, my name is Tyler and I am a passionate Seattle Seahawks fan. I have been following the team since the days of the Legion of Boom and have stuck with them through thick and thin. I love the camaraderie among Seahawks fans and the sense of community that comes with being part of the 12s. I never miss a chance to tailgate before a game and always bring my lucky Seahawks hat with me. Go Seahawks!"
Tampa Bay Buccaneers,Please generate 5 five-sentence paragraphs where a Tampa Bay Buccaneers fan introduces themselves. Make sure you can tell that each person is a Tampa Bay Buccaneers fan.,"Hi there, I'm Sarah and I bleed red and pewter for the Tampa Bay Buccaneers! Ever since I was a kid, I've been rooting for my favorite team through thick and thin. From the days of Warren Sapp to now with Tom Brady at the helm, I've been there for every game, cheering on the Bucs with all my heart. I proudly display my Bucs flag outside my house and never miss a chance to sport my favorite jersey on game days. Go Bucs!"
Tampa Bay Buccaneers,Please generate 5 five-sentence paragraphs where a Tampa Bay Buccaneers fan introduces themselves. Make sure you can tell that each person is a Tampa Bay Buccaneers fan.,"Hey, my name is Mike and I've been a die-hard fan of the Tampa Bay Buccaneers for as long as I can remember. Sundays are sacred in my house, as I gather my friends and family to watch our beloved team take the field. Whether we win or lose, I always have faith in the Bucs and believe that we will bring home another Super Bowl victory soon. My memorabilia collection is overflowing with Bucs gear, from hats and t-shirts to signed footballs and posters. Let's go Bucs!"
Tampa Bay Buccaneers,Please generate 5 five-sentence paragraphs where a Tampa Bay Buccaneers fan introduces themselves. Make sure you can tell that each person is a Tampa Bay Buccaneers fan.,"What's up? My name is Jason, and I proudly represent the Tampa Bay Buccaneers wherever I go. From the pirate ship in Raymond James Stadium to my car decked out in Bucs decals, there's no mistaking where my loyalty lies. I have fond memories of watching John Lynch lay the smackdown on opposing offenses back in the day. My heart swells with pride every time I see that iconic skull and crossed swords logo. Here's to another season of Buccaneer glory!"
Tampa Bay Buccaneers,Please generate 5 five-sentence paragraphs where a Tampa Bay Buccaneers fan introduces themselves. Make sure you can tell that each person is a Tampa Bay Buccaneers fan.,"Greetings! I'm Jess, and the Tampa Bay Buccaneers are my everything. I've followed the team through the highs and lows, celebrating victories and commiserating losses with my fellow Bucs fans. My wardrobe is filled with nothing but Bucs attire, from jerseys and hoodies to socks and sneakers. I proudly display my Bucs flag on my car and make sure everyone knows where my loyalty lies. I can't wait to see what the future holds for our team – I have a feeling it's going to be epic. Go Bucs!"
Tampa Bay Buccaneers,Please generate 5 five-sentence paragraphs where a Tampa Bay Buccaneers fan introduces themselves. Make sure you can tell that each person is a Tampa Bay Buccaneers fan.,"Hello there, I'm Ryan, and being a Tampa Bay Buccaneers fan is a way of life for me. I've traveled far and wide to support the team, whether it's a home game at Raymond James Stadium or an away game in a rival's territory. My walls are adorned with Bucs memorabilia, including autographed photos, game programs, and ticket stubs from unforgettable games. I never miss a chance to tailgate with my fellow Bucs fans, grilling up some delicious food and sharing stories of our favorite team. I bleed red and pewter, and I wouldn't have it any other way. Buccaneers for life!"
Tennessee Titans,Please generate 5 five-sentence paragraphs where a Tennessee Titans fan introduces themselves. Make sure you can tell that each person is a Tennessee Titans fan.,"Hi there, my name is Jake and I am proud to say that I am a die-hard Tennessee Titans fan. I bleed two-tone blue and have been a loyal supporter of the team for as long as I can remember. You can often find me cheering on my favorite players at Nissan Stadium on game day or watching every minute of the action from the comfort of my living room. Derek Henry is my hero and I truly believe that this is our year to bring home the Lombardi Trophy."
Tennessee Titans,Please generate 5 five-sentence paragraphs where a Tennessee Titans fan introduces themselves. Make sure you can tell that each person is a Tennessee Titans fan.,"Hey there, I'm Lisa and I am a Tennessee Titans fanatic through and through. I have a closet full of Titans gear and never miss a chance to show off my team spirit. From tailgating with my fellow fans to singing ""Rocky Top"" at the top of my lungs, I am fully committed to supporting this incredible team. Marcus Mariota will always have a special place in my heart, but I am excited to see what Ryan Tannehill and the boys can do this season."
Tennessee Titans,Please generate 5 five-sentence paragraphs where a Tennessee Titans fan introduces themselves. Make sure you can tell that each person is a Tennessee Titans fan.,"Howdy, my name is Tyler and I am a proud member of the Tennessee Titans fan base. I have been following this team since the days of Steve McNair and Eddie George and have loved every minute of the journey. Nothing gets my heart racing quite like a close game at Nissan Stadium, surrounded by thousands of passionate fans. I have high hopes for our team this year and can't wait to see them dominate the competition. Go Titans!"
Tennessee Titans,Please generate 5 five-sentence paragraphs where a Tennessee Titans fan introduces themselves. Make sure you can tell that each person is a Tennessee Titans fan.,"Hello, I'm Sarah and I am a lifelong Tennessee Titans supporter. Growing up in Nashville, I have always had a deep connection to this team and feel like they are a part of my family. Whether I'm wearing my Titans jersey to work on game day or hosting a watch party for friends and family, I am always finding ways to show my love for this team. Watching players like AJ Brown and Kevin Byard light up the field brings me so much joy and I can't wait to see what they accomplish this season."
Tennessee Titans,Please generate 5 five-sentence paragraphs where a Tennessee Titans fan introduces themselves. Make sure you can tell that each person is a Tennessee Titans fan.,"Hey there, I'm Michael and I am a devoted Tennessee Titans fan through and through. I have been through the highs and lows with this team, but my loyalty has never wavered. From the Music City Miracle to the AFC Championship game, I have cheered on the Titans with all my heart. I know that the road to the Super Bowl won't be easy, but I have faith that our team has what it takes to go all the way. Titan up!"
Washington Redskins,Please generate 5 five-sentence paragraphs where a Washington Redskins fan introduces themselves. Make sure you can tell that each person is a Washington Redskins fan.,"Hi there! I'm Sarah, a die-hard Washington Redskins fan. Ever since I was little, I've been cheering on my favorite team through thick and thin. You can always find me decked out in Redskins gear on game days, ready to root for my team no matter the outcome. I love talking football and debating plays with other fans, especially when it comes to our beloved Redskins. Hail to the Redskins!"
Washington Redskins,Please generate 5 five-sentence paragraphs where a Washington Redskins fan introduces themselves. Make sure you can tell that each person is a Washington Redskins fan.,"Hey! My name is Mike, and I bleed burgundy and gold for the Washington Redskins. I've been a fan for as long as I can remember, going to games with my family and passing down the tradition to my own kids. Nothing gets my blood pumping like watching the Redskins take the field and hearing the roar of the crowd. I can't wait to see what this season has in store for us true Redskins fans. Hail victory!"
Washington Redskins,Please generate 5 five-sentence paragraphs where a Washington Redskins fan introduces themselves. Make sure you can tell that each person is a Washington Redskins fan.,"Howdy! I'm John, a proud member of the Redskins faithful. I may live in Texas now, but my heart will always belong to the Washington Redskins. From watching Super Bowl victories to enduring tough seasons, I've been there through it all. I love nothing more than sitting down with friends to watch the Redskins play and sharing in the highs and lows of each game. HTTR!"
Washington Redskins,Please generate 5 five-sentence paragraphs where a Washington Redskins fan introduces themselves. Make sure you can tell that each person is a Washington Redskins fan.,"Hello! My name is Emily, and I am a dedicated Washington Redskins fan. Whether it's painting my face with team colors or tailgating at the stadium, I always go the extra mile to show my support for the Redskins. I've met some of my closest friends through our shared love of the team, bonding over our passion for all things Redskins. I can't imagine my life without football season and the excitement that comes with cheering on the Redskins. Hail victory!"
Washington Redskins,Please generate 5 five-sentence paragraphs where a Washington Redskins fan introduces themselves. Make sure you can tell that each person is a Washington Redskins fan.,"What's up, I'm Alex and I am proud to say that I bleed burgundy and gold for the Washington Redskins! I grew up watching games with my dad and have carried on the tradition with my own children. One of my favorite moments as a fan was watching the Redskins win the Super Bowl back in '91 - nothing beats that feeling of victory. I always make sure to tune in to every game, cheering on my team no matter the outcome. Hail victory!"
